WARNING: The IDF_PYTHON_ENV_PATH is missing in environmental variables!
-- Already patched at 0x2dcc, skipping

-- IDF_TARGET is not set, guessed 'esp32s3' from sdkconfig '/workspaces/Flipper-Zero-ESP32-Port/sdkconfig'
-- Found Git: /usr/local/bin/git (found version "2.53.0") 
-- Component directory /workspaces/Flipper-Zero-ESP32-Port/components/bt does not contain a CMakeLists.txt file. No component will be added
-- Component directory /workspaces/Flipper-Zero-ESP32-Port/components/cli does not contain a CMakeLists.txt file. No component will be added
-- Component directory /workspaces/Flipper-Zero-ESP32-Port/components/compat does not contain a CMakeLists.txt file. No component will be added
-- Component directory /workspaces/Flipper-Zero-ESP32-Port/components/dolphin does not contain a CMakeLists.txt file. No component will be added
-- Component directory /workspaces/Flipper-Zero-ESP32-Port/components/namechanger does not contain a CMakeLists.txt file. No component will be added
-- Component directory /workspaces/Flipper-Zero-ESP32-Port/components/power does not contain a CMakeLists.txt file. No component will be added
-- Component directory /workspaces/Flipper-Zero-ESP32-Port/components/update_util does not contain a CMakeLists.txt file. No component will be added
-- Component directory /workspaces/Flipper-Zero-ESP32-Port/components/bt does not contain a CMakeLists.txt file. No component will be added
-- Component directory /workspaces/Flipper-Zero-ESP32-Port/components/cli does not contain a CMakeLists.txt file. No component will be added
-- Component directory /workspaces/Flipper-Zero-ESP32-Port/components/compat does not contain a CMakeLists.txt file. No component will be added
-- Component directory /workspaces/Flipper-Zero-ESP32-Port/components/dolphin does not contain a CMakeLists.txt file. No component will be added
-- Component directory /workspaces/Flipper-Zero-ESP32-Port/components/namechanger does not contain a CMakeLists.txt file. No component will be added
-- Component directory /workspaces/Flipper-Zero-ESP32-Port/components/power does not contain a CMakeLists.txt file. No component will be added
-- Component directory /workspaces/Flipper-Zero-ESP32-Port/components/update_util does not contain a CMakeLists.txt file. No component will be added
-- Minimal build - OFF
CMake Warning at /home/codespace/esp/esp-idf/tools/cmake/project.cmake:720 (message):
  esp-idf-configdep enabled but not found.  Re-run install and export
  scripts.
Call Stack (most recent call first):
  CMakeLists.txt:30 (project)


-- No compiler launcher chain will be used.
-- The C compiler identification is GNU 16.1.0
-- The CXX compiler identification is GNU 16.1.0
-- The ASM compiler identification is GNU
-- Found assembler: /home/codespace/.espressif/tools/xtensa-esp-elf/esp-16.1.0_20260609/xtensa-esp-elf/bin/xtensa-esp32s3-elf-gcc
-- Detecting C compiler ABI info
-- Detecting C compiler ABI info - done
-- Check for working C compiler: /home/codespace/.espressif/tools/xtensa-esp-elf/esp-16.1.0_20260609/xtensa-esp-elf/bin/xtensa-esp32s3-elf-gcc - skipped
-- Detecting C compile features
-- Detecting C compile features - done
-- Detecting CXX compiler ABI info
-- Detecting CXX compiler ABI info - done
-- Check for working CXX compiler: /home/codespace/.espressif/tools/xtensa-esp-elf/esp-16.1.0_20260609/xtensa-esp-elf/bin/xtensa-esp32s3-elf-g++ - skipped
-- Detecting CXX compile features
-- Detecting CXX compile features - done
-- Building ESP-IDF components for target esp32s3
NOTICE: 
Following dependencies have new versions available:
Dependency "espressif/tinyusb": "0.19.0~3" -> "0.21.0~1"
Consider running "idf.py update-dependencies" to update your lock file.
NOTICE: Processing 4 dependencies:
NOTICE: [1/4] espressif/esp_tinyusb (1.7.6~2)
NOTICE: [2/4] espressif/led_strip (3.0.3)
NOTICE: [3/4] espressif/tinyusb (0.19.0~3)
NOTICE: [4/4] idf (6.2.0)
-- Found Python3: /home/codespace/.espressif/python_env/idf6.2_py3.12_env/bin/python3 (found version "3.12.1") found components: Interpreter 
-- Flipper board: waveshare_c6_1.9
-- ESP-TEE is currently supported only on the esp32c6;esp32h2;esp32c5;esp32c61 SoCs
-- KCONFIG_REPORT_VERBOSITY not set, using default
-- Project sdkconfig file /workspaces/Flipper-Zero-ESP32-Port/sdkconfig
NOTE: /home/codespace/esp/esp-idf/components/bt/host/nimble/Kconfig.in:1439: BT_NIMBLE_MESH_PROVISIONER: 'default 0' is not a valid bool value (only 'y' and 'n' are allowed). Value is treated as 'n'.
NOTE: /home/codespace/esp/esp-idf/components/fatfs/Kconfig:240: FATFS_PRINT_LLI: 'default 0' is not a valid bool value (only 'y' and 'n' are allowed). Value is treated as 'n'.
NOTE: /home/codespace/esp/esp-idf/components/fatfs/Kconfig:245: FATFS_PRINT_FLOAT: 'default 0' is not a valid bool value (only 'y' and 'n' are allowed). Value is treated as 'n'.
NOTE: /home/codespace/esp/esp-idf/components/bt/sdkconfig.rename.esp32s3:4: duplicate rename mapping for CONFIG_BT_NIMBLE_COEX_PHY_CODED_TX_RX_TLIM_EN: previous target CONFIG_BT_LE_COEX_PHY_CODED_TX_RX_TLIM_EN, new target CONFIG_BT_CTRL_COEX_PHY_CODED_TX_RX_TLIM_EN - last mapping is used
NOTE: /home/codespace/esp/esp-idf/components/bt/sdkconfig.rename.esp32s3:5: duplicate rename mapping for CONFIG_BT_NIMBLE_COEX_PHY_CODED_TX_RX_TLIM_DIS: previous target CONFIG_BT_LE_COEX_PHY_CODED_TX_RX_TLIM_DIS, new target CONFIG_BT_CTRL_COEX_PHY_CODED_TX_RX_TLIM_DIS - last mapping is used
Loading defaults file /workspaces/Flipper-Zero-ESP32-Port/sdkconfig.defaults...
Loading defaults file /workspaces/Flipper-Zero-ESP32-Port/sdkconfig.defaults.esp32s3...
NOTE: /tmp/kconfgen_tmpsw1phmi6:51: CONFIG_SPIRAM_ALLOW_STACK_EXTERNAL_MEMORY was replaced with CONFIG_FREERTOS_TASK_CREATE_ALLOW_EXT_MEM
NOTE: unknown kconfig symbol 'TINYUSB_HID_BUFSIZE' assigned to '16' in /workspaces/Flipper-Zero-ESP32-Port/sdkconfig.defaults.esp32s3
NOTE: unknown kconfig symbol 'TINYUSB_MIDI_ENABLED' assigned to 'n' in /workspaces/Flipper-Zero-ESP32-Port/sdkconfig.defaults.esp32s3
NOTE: unknown kconfig symbol 'TINYUSB_NCM_ENABLED' assigned to 'n' in /workspaces/Flipper-Zero-ESP32-Port/sdkconfig.defaults.esp32s3
NOTE: Kconfig parser version: 1
NOTE: Kconfig defaults policy: use sdkconfig
NOTE: Status: Finished with notifications
NOTE: /home/codespace/esp/esp-idf/components/esp_stdio/Kconfig:150: ESP_CONSOLE_UART_BAUDRATE has user-set value 115200 from /workspaces/Flipper-Zero-ESP32-Port/sdkconfig but is not visible (disabled dependency)
HINT: Disabled symbols/choices are not written into sdkconfig file. Setting their user value has no effect.
-- Compiler supported targets: xtensa-esp-elf
-- Detecting C compiler ABI info
-- Detecting C compiler ABI info - done
-- Detecting CXX compiler ABI info
-- Detecting CXX compiler ABI info - done
-- Detecting C compiler ABI info
-- Detecting C compiler ABI info - done
-- Detecting CXX compiler ABI info
-- Detecting CXX compiler ABI info - done
-- Performing Test compiler_supports_wunused_but_set_variable_eq_1
-- Performing Test compiler_supports_wunused_but_set_variable_eq_1 - Success
-- Performing Test compiler_supports_ftrivial_auto_var_init
-- Performing Test compiler_supports_ftrivial_auto_var_init - Success
-- App "furi_esp32" version: v1.1.5-39-g4884e01-dirty
-- Found Python3: /home/codespace/.espressif/python_env/idf6.2_py3.12_env/bin/python (found version "3.12.1") found components: Interpreter 
-- Performing Test CMAKE_HAVE_LIBC_PTHREAD
-- Performing Test CMAKE_HAVE_LIBC_PTHREAD - Success
-- Found Threads: TRUE  
-- Performing Test C_COMPILER_SUPPORTS_WFORMAT_SIGNEDNESS
-- Performing Test C_COMPILER_SUPPORTS_WFORMAT_SIGNEDNESS - Success
-- Setting up mbedtls configuration
-- Linkage type is PUBLIC
-- Adding linker script /home/codespace/esp/esp-idf/components/esp_hal_wdt/esp32s3/rom.wdt.ld
-- Adding linker script /home/codespace/esp/esp-idf/components/esp_system/ld/esp32s3/memory.ld.in
--   -> Preprocessing .in script: /home/codespace/esp/esp-idf/components/esp_system/ld/esp32s3/memory.ld.in
-- Adding linker script /home/codespace/esp/esp-idf/components/esp_system/ld/esp32s3/sections.ld.in
--   -> Preprocessing .in script: /home/codespace/esp/esp-idf/components/esp_system/ld/esp32s3/sections.ld.in
--   -> Applying ldgen processing: /workspaces/Flipper-Zero-ESP32-Port/build/esp-idf/esp_system/ld/sections.ld.in
-- Adding linker script /home/codespace/esp/esp-idf/components/esp_rom/esp32s3/ld/esp32s3.rom.ld
-- Adding linker script /home/codespace/esp/esp-idf/components/esp_rom/esp32s3/ld/esp32s3.rom.api.ld
-- Adding linker script /home/codespace/esp/esp-idf/components/esp_rom/esp32s3/ld/esp32s3.rom.bt_funcs.ld
-- Adding linker script /home/codespace/esp/esp-idf/components/esp_rom/esp32s3/ld/esp32s3.rom.libgcc.ld
-- Adding linker script /home/codespace/esp/esp-idf/components/esp_rom/esp32s3/ld/esp32s3.rom.version.ld
-- Adding linker script /home/codespace/esp/esp-idf/components/esp_rom/esp32s3/ld/esp32s3.rom.ble_50.ld
-- Adding linker script /home/codespace/esp/esp-idf/components/esp_rom/esp32s3/ld/esp32s3.rom.ble_cca.ld
-- Adding linker script /home/codespace/esp/esp-idf/components/esp_rom/esp32s3/ld/esp32s3.rom.ble_test.ld
-- Adding linker script /home/codespace/esp/esp-idf/components/esp_rom/esp32s3/ld/esp32s3.rom.libc.ld
-- Adding linker script /home/codespace/esp/esp-idf/components/soc/esp32s3/ld/esp32s3.peripherals.ld
-- Adding linker script /home/codespace/esp/esp-idf/components/esp_hal_regi2c/esp32s3/rom.regi2c.ld
-- Flipper board: my_custom_board
CMake Warning at /home/codespace/esp/esp-idf/tools/cmake/component_validation.cmake:106 (message):
  Private include directory
  '/home/codespace/esp/esp-idf/components/esp_wifi/wifi_apps/roaming_app/include'
  belongs to component esp_wifi but is being used by component
  wpa_supplicant.  It is recommended to define the component dependency for
  wpa_supplicant on the component esp_wifi, i.e.  'idf_component_register(...
  PRIV_REQUIRES esp_wifi)' in the CMakeLists.txt of wpa_supplicant, and
  specify the included directory as idf_component_register(...
  PRIV_INCLUDE_DIRS <dir relative to component>) in the CMakeLists.txt of
  component esp_wifi.
Call Stack (most recent call first):
  /home/codespace/esp/esp-idf/tools/cmake/component_validation.cmake:130 (__component_validation_check_include_dirs)
  /home/codespace/esp/esp-idf/CMakeLists.txt:428 (__component_validation_run_checks)


CMake Warning at /home/codespace/esp/esp-idf/tools/cmake/component_validation.cmake:106 (message):
  Private include directory
  '/home/codespace/esp/esp-idf/components/esp_wifi/wifi_apps/roaming_app/src'
  belongs to component esp_wifi but is being used by component
  wpa_supplicant.  It is recommended to define the component dependency for
  wpa_supplicant on the component esp_wifi, i.e.  'idf_component_register(...
  PRIV_REQUIRES esp_wifi)' in the CMakeLists.txt of wpa_supplicant, and
  specify the included directory as idf_component_register(...
  PRIV_INCLUDE_DIRS <dir relative to component>) in the CMakeLists.txt of
  component esp_wifi.
Call Stack (most recent call first):
  /home/codespace/esp/esp-idf/tools/cmake/component_validation.cmake:130 (__component_validation_check_include_dirs)
  /home/codespace/esp/esp-idf/CMakeLists.txt:428 (__component_validation_run_checks)


CMake Warning at /home/codespace/esp/esp-idf/tools/cmake/component_validation.cmake:106 (message):
  Private include directory
  '/home/codespace/esp/esp-idf/components/esp_wifi/wifi_apps/include/apps_private'
  belongs to component esp_wifi but is being used by component
  wpa_supplicant.  It is recommended to define the component dependency for
  wpa_supplicant on the component esp_wifi, i.e.  'idf_component_register(...
  PRIV_REQUIRES esp_wifi)' in the CMakeLists.txt of wpa_supplicant, and
  specify the included directory as idf_component_register(...
  PRIV_INCLUDE_DIRS <dir relative to component>) in the CMakeLists.txt of
  component esp_wifi.
Call Stack (most recent call first):
  /home/codespace/esp/esp-idf/tools/cmake/component_validation.cmake:130 (__component_validation_check_include_dirs)
  /home/codespace/esp/esp-idf/CMakeLists.txt:428 (__component_validation_run_checks)


CMake Warning at /home/codespace/esp/esp-idf/tools/cmake/component_validation.cmake:106 (message):
  Private include directory
  '/home/codespace/esp/esp-idf/components/wpa_supplicant/src' belongs to
  component wpa_supplicant but is being used by component esp_wifi.  It is
  recommended to define the component dependency for esp_wifi on the
  component wpa_supplicant, i.e.  'idf_component_register(...  PRIV_REQUIRES
  wpa_supplicant)' in the CMakeLists.txt of esp_wifi, and specify the
  included directory as idf_component_register(...  PRIV_INCLUDE_DIRS <dir
  relative to component>) in the CMakeLists.txt of component wpa_supplicant.
Call Stack (most recent call first):
  /home/codespace/esp/esp-idf/tools/cmake/component_validation.cmake:130 (__component_validation_check_include_dirs)
  /home/codespace/esp/esp-idf/CMakeLists.txt:428 (__component_validation_run_checks)


CMake Warning at /home/codespace/esp/esp-idf/tools/cmake/component_validation.cmake:106 (message):
  Private include directory
  '/home/codespace/esp/esp-idf/components/wpa_supplicant/esp_supplicant/src'
  belongs to component wpa_supplicant but is being used by component
  esp_wifi.  It is recommended to define the component dependency for
  esp_wifi on the component wpa_supplicant, i.e.  'idf_component_register(...
  PRIV_REQUIRES wpa_supplicant)' in the CMakeLists.txt of esp_wifi, and
  specify the included directory as idf_component_register(...
  PRIV_INCLUDE_DIRS <dir relative to component>) in the CMakeLists.txt of
  component wpa_supplicant.
Call Stack (most recent call first):
  /home/codespace/esp/esp-idf/tools/cmake/component_validation.cmake:130 (__component_validation_check_include_dirs)
  /home/codespace/esp/esp-idf/CMakeLists.txt:428 (__component_validation_run_checks)


CMake Warning at /home/codespace/esp/esp-idf/tools/cmake/component_validation.cmake:86 (message):
  Include directory '/workspaces/Flipper-Zero-ESP32-Port/components/gui'
  belongs to component gui but is being used by component desktop.  It is
  recommended to define the component dependency for 'desktop' on the
  component gui, i.e.  'idf_component_register(...  REQUIRES gui)' in the
  CMakeLists.txt of desktop, and specify the included directory as
  idf_component_register(...  INCLUDE_DIRS <dir relative to component>) in
  the CMakeLists.txt of component gui.
Call Stack (most recent call first):
  /home/codespace/esp/esp-idf/tools/cmake/component_validation.cmake:130 (__component_validation_check_include_dirs)
  /home/codespace/esp/esp-idf/CMakeLists.txt:428 (__component_validation_run_checks)


-- Component idf::esp_trace will be linked with -Wl,--whole-archive
Traceback (most recent call last):
  File "/home/codespace/esp/esp-idf/components/esp_rom/gen_gdbinit.py", line 72, in <module>
    gdbinit_lines = generate_gdbinit_rom_add_symbols(target)
                    ^^^^^^^^^^^^^^^^^^^^^^^^^^^^^^^^^^^^^^^^
  File "/home/codespace/esp/esp-idf/components/esp_rom/gen_gdbinit.py", line 31, in generate_gdbinit_rom_add_symbols
    raise OSError(
OSError: ESP_ROM_ELF_DIR environment variable is not defined. Please try to run IDF "install" and "export" scripts.
CMake Warning at /home/codespace/esp/esp-idf/tools/cmake/gdbinit.cmake:58 (message):
  Error while generating esp_rom gdbinit
Call Stack (most recent call first):
  /home/codespace/esp/esp-idf/tools/cmake/project.cmake:452 (__generate_gdbinit)
  /home/codespace/esp/esp-idf/tools/cmake/project.cmake:1157 (__project_info)
  CMakeLists.txt:30 (project)


-- Components: app_trace app_update archive assets bit_lib ble_hid ble_profile ble_serial bootloader bootloader_support bt btshim cmock console cxx datetime desktop desktop_settings dialogs driver efuse esp-tls esp_adc esp_app_format esp_asrc_adapter esp_blockdev esp_blockdev_util esp_bootloader_format esp_coex esp_common esp_driver_ana_cmpr esp_driver_bitscrambler esp_driver_cam esp_driver_cordic esp_driver_dac esp_driver_dma esp_driver_gpio esp_driver_gptimer esp_driver_i2c esp_driver_i2s esp_driver_i3c esp_driver_isp esp_driver_jpeg esp_driver_ledc esp_driver_mcpwm esp_driver_parlio esp_driver_pcnt esp_driver_ppa esp_driver_rmt esp_driver_sd_intf esp_driver_sdio esp_driver_sdm esp_driver_sdmmc esp_driver_sdspi esp_driver_spi esp_driver_touch_sens esp_driver_tsens esp_driver_twai esp_driver_uart esp_driver_usb_serial_jtag esp_eth esp_event esp_gdbstub esp_hal_ana_cmpr esp_hal_ana_conv esp_hal_asrc esp_hal_cam esp_hal_clock esp_hal_cordic esp_hal_dma esp_hal_emac esp_hal_gpio esp_hal_gpspi esp_hal_i2c esp_hal_i2s esp_hal_i3c esp_hal_ieee802154 esp_hal_jpeg esp_hal_lcd esp_hal_ledc esp_hal_mcpwm esp_hal_mspi esp_hal_parlio esp_hal_pcnt esp_hal_pmu esp_hal_ppa esp_hal_regi2c esp_hal_rmt esp_hal_rtc_timer esp_hal_sd esp_hal_security esp_hal_systimer esp_hal_timg esp_hal_touch_sens esp_hal_twai esp_hal_uart esp_hal_usb esp_hal_wdt esp_hid esp_http_client esp_http_server esp_https_ota esp_https_server esp_hw_support esp_lcd esp_libc esp_local_ctrl esp_mm esp_netif esp_netif_stack esp_partition esp_phy esp_pm esp_psram esp_ringbuf esp_rom esp_security esp_stdio esp_system esp_timer esp_trace esp_usb_cdc_rom_console esp_wifi espcoredump espressif__esp_tinyusb espressif__led_strip espressif__tinyusb esptool_py fatfs flipper_application flipper_format flipper_protobuf freertos furi furi_ble furi_hal gui hal heap heatshrink http_parser ieee802154 infrared input lfrfid loader locale log lwip main mbedtls mjs mlib music_worker nanopb nfc notification nvs_flash nvs_sec_provider openthread partition_table perfmon protobuf-c protocomm pthread rpc rt sdmmc soc spi_flash spiffs storage subghz tcp_transport toolbox u8g2 ulp unity vfs wear_levelling wpa_supplicant xtensa
-- Component paths: /home/codespace/esp/esp-idf/components/app_trace /home/codespace/esp/esp-idf/components/app_update /workspaces/Flipper-Zero-ESP32-Port/components/archive /workspaces/Flipper-Zero-ESP32-Port/components/assets /workspaces/Flipper-Zero-ESP32-Port/components/bit_lib /workspaces/Flipper-Zero-ESP32-Port/components/ble_hid /workspaces/Flipper-Zero-ESP32-Port/components/ble_profile /workspaces/Flipper-Zero-ESP32-Port/components/ble_serial /home/codespace/esp/esp-idf/components/bootloader /home/codespace/esp/esp-idf/components/bootloader_support /home/codespace/esp/esp-idf/components/bt /workspaces/Flipper-Zero-ESP32-Port/components/btshim /home/codespace/esp/esp-idf/components/cmock /home/codespace/esp/esp-idf/components/console /home/codespace/esp/esp-idf/components/cxx /workspaces/Flipper-Zero-ESP32-Port/components/datetime /workspaces/Flipper-Zero-ESP32-Port/components/desktop /workspaces/Flipper-Zero-ESP32-Port/components/desktop_settings /workspaces/Flipper-Zero-ESP32-Port/components/dialogs /home/codespace/esp/esp-idf/components/driver /home/codespace/esp/esp-idf/components/efuse /home/codespace/esp/esp-idf/components/esp-tls /home/codespace/esp/esp-idf/components/esp_adc /home/codespace/esp/esp-idf/components/esp_app_format /home/codespace/esp/esp-idf/components/esp_asrc_adapter /home/codespace/esp/esp-idf/components/esp_blockdev /home/codespace/esp/esp-idf/components/esp_blockdev_util /home/codespace/esp/esp-idf/components/esp_bootloader_format /home/codespace/esp/esp-idf/components/esp_coex /home/codespace/esp/esp-idf/components/esp_common /home/codespace/esp/esp-idf/components/esp_driver_ana_cmpr /home/codespace/esp/esp-idf/components/esp_driver_bitscrambler /home/codespace/esp/esp-idf/components/esp_driver_cam /home/codespace/esp/esp-idf/components/esp_driver_cordic /home/codespace/esp/esp-idf/components/esp_driver_dac /home/codespace/esp/esp-idf/components/esp_driver_dma /home/codespace/esp/esp-idf/components/esp_driver_gpio /home/codespace/esp/esp-idf/components/esp_driver_gptimer /home/codespace/esp/esp-idf/components/esp_driver_i2c /home/codespace/esp/esp-idf/components/esp_driver_i2s /home/codespace/esp/esp-idf/components/esp_driver_i3c /home/codespace/esp/esp-idf/components/esp_driver_isp /home/codespace/esp/esp-idf/components/esp_driver_jpeg /home/codespace/esp/esp-idf/components/esp_driver_ledc /home/codespace/esp/esp-idf/components/esp_driver_mcpwm /home/codespace/esp/esp-idf/components/esp_driver_parlio /home/codespace/esp/esp-idf/components/esp_driver_pcnt /home/codespace/esp/esp-idf/components/esp_driver_ppa /home/codespace/esp/esp-idf/components/esp_driver_rmt /home/codespace/esp/esp-idf/components/esp_driver_sd_intf /home/codespace/esp/esp-idf/components/esp_driver_sdio /home/codespace/esp/esp-idf/components/esp_driver_sdm /home/codespace/esp/esp-idf/components/esp_driver_sdmmc /home/codespace/esp/esp-idf/components/esp_driver_sdspi /home/codespace/esp/esp-idf/components/esp_driver_spi /home/codespace/esp/esp-idf/components/esp_driver_touch_sens /home/codespace/esp/esp-idf/components/esp_driver_tsens /home/codespace/esp/esp-idf/components/esp_driver_twai /home/codespace/esp/esp-idf/components/esp_driver_uart /home/codespace/esp/esp-idf/components/esp_driver_usb_serial_jtag /home/codespace/esp/esp-idf/components/esp_eth /home/codespace/esp/esp-idf/components/esp_event /home/codespace/esp/esp-idf/components/esp_gdbstub /home/codespace/esp/esp-idf/components/esp_hal_ana_cmpr /home/codespace/esp/esp-idf/components/esp_hal_ana_conv /home/codespace/esp/esp-idf/components/esp_hal_asrc /home/codespace/esp/esp-idf/components/esp_hal_cam /home/codespace/esp/esp-idf/components/esp_hal_clock /home/codespace/esp/esp-idf/components/esp_hal_cordic /home/codespace/esp/esp-idf/components/esp_hal_dma /home/codespace/esp/esp-idf/components/esp_hal_emac /home/codespace/esp/esp-idf/components/esp_hal_gpio /home/codespace/esp/esp-idf/components/esp_hal_gpspi /home/codespace/esp/esp-idf/components/esp_hal_i2c /home/codespace/esp/esp-idf/components/esp_hal_i2s /home/codespace/esp/esp-idf/components/esp_hal_i3c /home/codespace/esp/esp-idf/components/esp_hal_ieee802154 /home/codespace/esp/esp-idf/components/esp_hal_jpeg /home/codespace/esp/esp-idf/components/esp_hal_lcd /home/codespace/esp/esp-idf/components/esp_hal_ledc /home/codespace/esp/esp-idf/components/esp_hal_mcpwm /home/codespace/esp/esp-idf/components/esp_hal_mspi /home/codespace/esp/esp-idf/components/esp_hal_parlio /home/codespace/esp/esp-idf/components/esp_hal_pcnt /home/codespace/esp/esp-idf/components/esp_hal_pmu /home/codespace/esp/esp-idf/components/esp_hal_ppa /home/codespace/esp/esp-idf/components/esp_hal_regi2c /home/codespace/esp/esp-idf/components/esp_hal_rmt /home/codespace/esp/esp-idf/components/esp_hal_rtc_timer /home/codespace/esp/esp-idf/components/esp_hal_sd /home/codespace/esp/esp-idf/components/esp_hal_security /home/codespace/esp/esp-idf/components/esp_hal_systimer /home/codespace/esp/esp-idf/components/esp_hal_timg /home/codespace/esp/esp-idf/components/esp_hal_touch_sens /home/codespace/esp/esp-idf/components/esp_hal_twai /home/codespace/esp/esp-idf/components/esp_hal_uart /home/codespace/esp/esp-idf/components/esp_hal_usb /home/codespace/esp/esp-idf/components/esp_hal_wdt /home/codespace/esp/esp-idf/components/esp_hid /home/codespace/esp/esp-idf/components/esp_http_client /home/codespace/esp/esp-idf/components/esp_http_server /home/codespace/esp/esp-idf/components/esp_https_ota /home/codespace/esp/esp-idf/components/esp_https_server /home/codespace/esp/esp-idf/components/esp_hw_support /home/codespace/esp/esp-idf/components/esp_lcd /home/codespace/esp/esp-idf/components/esp_libc /home/codespace/esp/esp-idf/components/esp_local_ctrl /home/codespace/esp/esp-idf/components/esp_mm /home/codespace/esp/esp-idf/components/esp_netif /home/codespace/esp/esp-idf/components/esp_netif_stack /home/codespace/esp/esp-idf/components/esp_partition /home/codespace/esp/esp-idf/components/esp_phy /home/codespace/esp/esp-idf/components/esp_pm /home/codespace/esp/esp-idf/components/esp_psram /home/codespace/esp/esp-idf/components/esp_ringbuf /home/codespace/esp/esp-idf/components/esp_rom /home/codespace/esp/esp-idf/components/esp_security /home/codespace/esp/esp-idf/components/esp_stdio /home/codespace/esp/esp-idf/components/esp_system /home/codespace/esp/esp-idf/components/esp_timer /home/codespace/esp/esp-idf/components/esp_trace /home/codespace/esp/esp-idf/components/esp_usb_cdc_rom_console /home/codespace/esp/esp-idf/components/esp_wifi /home/codespace/esp/esp-idf/components/espcoredump /workspaces/Flipper-Zero-ESP32-Port/managed_components/espressif__esp_tinyusb /workspaces/Flipper-Zero-ESP32-Port/managed_components/espressif__led_strip /workspaces/Flipper-Zero-ESP32-Port/managed_components/espressif__tinyusb /home/codespace/esp/esp-idf/components/esptool_py /home/codespace/esp/esp-idf/components/fatfs /workspaces/Flipper-Zero-ESP32-Port/components/flipper_application /workspaces/Flipper-Zero-ESP32-Port/components/flipper_format /workspaces/Flipper-Zero-ESP32-Port/components/flipper_protobuf /home/codespace/esp/esp-idf/components/freertos /workspaces/Flipper-Zero-ESP32-Port/components/furi /workspaces/Flipper-Zero-ESP32-Port/components/furi_ble /workspaces/Flipper-Zero-ESP32-Port/components/furi_hal /workspaces/Flipper-Zero-ESP32-Port/components/gui /home/codespace/esp/esp-idf/components/hal /home/codespace/esp/esp-idf/components/heap /workspaces/Flipper-Zero-ESP32-Port/components/heatshrink /home/codespace/esp/esp-idf/components/http_parser /home/codespace/esp/esp-idf/components/ieee802154 /workspaces/Flipper-Zero-ESP32-Port/components/infrared /workspaces/Flipper-Zero-ESP32-Port/components/input /workspaces/Flipper-Zero-ESP32-Port/components/lfrfid /workspaces/Flipper-Zero-ESP32-Port/components/loader /workspaces/Flipper-Zero-ESP32-Port/components/locale /home/codespace/esp/esp-idf/components/log /home/codespace/esp/esp-idf/components/lwip /workspaces/Flipper-Zero-ESP32-Port/main /home/codespace/esp/esp-idf/components/mbedtls /workspaces/Flipper-Zero-ESP32-Port/components/mjs /workspaces/Flipper-Zero-ESP32-Port/components/mlib /workspaces/Flipper-Zero-ESP32-Port/components/music_worker /workspaces/Flipper-Zero-ESP32-Port/components/nanopb /workspaces/Flipper-Zero-ESP32-Port/components/nfc /workspaces/Flipper-Zero-ESP32-Port/components/notification /home/codespace/esp/esp-idf/components/nvs_flash /home/codespace/esp/esp-idf/components/nvs_sec_provider /home/codespace/esp/esp-idf/components/openthread /home/codespace/esp/esp-idf/components/partition_table /home/codespace/esp/esp-idf/components/perfmon /home/codespace/esp/esp-idf/components/protobuf-c /home/codespace/esp/esp-idf/components/protocomm /home/codespace/esp/esp-idf/components/pthread /workspaces/Flipper-Zero-ESP32-Port/components/rpc /home/codespace/esp/esp-idf/components/rt /home/codespace/esp/esp-idf/components/sdmmc /home/codespace/esp/esp-idf/components/soc /home/codespace/esp/esp-idf/components/spi_flash /home/codespace/esp/esp-idf/components/spiffs /workspaces/Flipper-Zero-ESP32-Port/components/storage /workspaces/Flipper-Zero-ESP32-Port/components/subghz /home/codespace/esp/esp-idf/components/tcp_transport /workspaces/Flipper-Zero-ESP32-Port/components/toolbox /workspaces/Flipper-Zero-ESP32-Port/components/u8g2 /home/codespace/esp/esp-idf/components/ulp /home/codespace/esp/esp-idf/components/unity /home/codespace/esp/esp-idf/components/vfs /home/codespace/esp/esp-idf/components/wear_levelling /home/codespace/esp/esp-idf/components/wpa_supplicant /home/codespace/esp/esp-idf/components/xtensa
-- Configuring done (37.0s)
-- Generating done (5.8s)
-- Build files have been written to: /workspaces/Flipper-Zero-ESP32-Port/build
[  0%] Generating ../../partition_table/partition-table.bin
[  0%] Preprocessing linker script /home/codespace/esp/esp-idf/components/esp_system/ld/esp32s3/memory.ld.in -> /workspaces/Flipper-Zero-ESP32-Port/build/esp-idf/esp_system/ld/memory.ld
[  0%] Built target custom_bundle
[  0%] Preprocessing linker script /home/codespace/esp/esp-idf/components/esp_system/ld/esp32s3/sections.ld.in -> /workspaces/Flipper-Zero-ESP32-Port/build/esp-idf/esp_system/ld/sections.ld.in
[  0%] Built target memory_ld_in_preprocess
[  0%] Generating project_elf_src_esp32s3.c
[  0%] Built target sections_ld_in_preprocess
[  0%] Built target _project_elf_src
[  0%] Generating generated/fam_runtime_root/.assets.stamp
[  0%] Extracting error codes for ulp
[  0%] Building C object esp-idf/lwip/CMakeFiles/__idf_lwip.dir/apps/sntp/sntp.c.obj
[  0%] Generating error code table for ulp
Partition table binary generated. Contents:
*******************************************************************************
[  0%] Built target __idf_ulp
[  0%] Building C object esp-idf/lwip/CMakeFiles/__idf_lwip.dir/lwip/src/api/api_lib.c.obj
[  0%] Building C object esp-idf/lwip/CMakeFiles/__idf_lwip.dir/lwip/src/api/api_msg.c.obj
# ESP-IDF Partition Table
# Name, Type, SubType, Offset, Size, Flags
nvs,data,nvs,0x9000,24K,
phy_init,data,phy,0xf000,4K,
factory,app,factory,0x10000,10M,
coredump,data,coredump,0xa10000,128K,
*******************************************************************************
[  0%] Built target partition_table_bin
[  0%] Built target esp32_fam_stage_assets
[  0%] Building C object esp-idf/lwip/CMakeFiles/__idf_lwip.dir/lwip/src/api/err.c.obj
[  0%] Creating directories for 'bootloader'
[  0%] No download step for 'bootloader'
[  0%] Building C object esp-idf/lwip/CMakeFiles/__idf_lwip.dir/lwip/src/api/if_api.c.obj
[  0%] No update step for 'bootloader'
[  0%] Building C object esp-idf/lwip/CMakeFiles/__idf_lwip.dir/lwip/src/api/netbuf.c.obj
[  0%] No patch step for 'bootloader'
[  0%] Performing configure step for 'bootloader'
-- Found Git: /usr/local/bin/git (found version "2.53.0") 
[  0%] Building C object esp-idf/lwip/CMakeFiles/__idf_lwip.dir/lwip/src/api/netdb.c.obj
[  0%] Building C object esp-idf/lwip/CMakeFiles/__idf_lwip.dir/lwip/src/api/netifapi.c.obj
[  0%] Building C object esp-idf/lwip/CMakeFiles/__idf_lwip.dir/lwip/src/api/sockets.c.obj
[  0%] Building C object esp-idf/lwip/CMakeFiles/__idf_lwip.dir/lwip/src/api/tcpip.c.obj
[  0%] Building C object esp-idf/lwip/CMakeFiles/__idf_lwip.dir/lwip/src/apps/sntp/sntp.c.obj
[  0%] Building C object esp-idf/lwip/CMakeFiles/__idf_lwip.dir/lwip/src/apps/netbiosns/netbiosns.c.obj
[  0%] Building C object esp-idf/lwip/CMakeFiles/__idf_lwip.dir/lwip/src/core/dns.c.obj
[  0%] Building C object esp-idf/lwip/CMakeFiles/__idf_lwip.dir/lwip/src/core/def.c.obj
[  0%] Building C object esp-idf/lwip/CMakeFiles/__idf_lwip.dir/lwip/src/core/inet_chksum.c.obj
[  0%] Building C object esp-idf/lwip/CMakeFiles/__idf_lwip.dir/lwip/src/core/init.c.obj
[  0%] Building C object esp-idf/lwip/CMakeFiles/__idf_lwip.dir/lwip/src/core/ip.c.obj
[  0%] Building C object esp-idf/lwip/CMakeFiles/__idf_lwip.dir/lwip/src/core/mem.c.obj
[  0%] Building C object esp-idf/lwip/CMakeFiles/__idf_lwip.dir/lwip/src/core/memp.c.obj
[  0%] Building C object esp-idf/lwip/CMakeFiles/__idf_lwip.dir/lwip/src/core/netif.c.obj
[  1%] Building C object esp-idf/lwip/CMakeFiles/__idf_lwip.dir/lwip/src/core/pbuf.c.obj
[  1%] Building C object esp-idf/lwip/CMakeFiles/__idf_lwip.dir/lwip/src/core/raw.c.obj
-- Minimal build - OFF
-- No compiler launcher chain will be used.
-- The C compiler identification is GNU 16.1.0
-- The CXX compiler identification is GNU 16.1.0
-- The ASM compiler identification is GNU
-- Found assembler: /home/codespace/.espressif/tools/xtensa-esp-elf/esp-16.1.0_20260609/xtensa-esp-elf/bin/xtensa-esp32s3-elf-gcc
-- Detecting C compiler ABI info
[  1%] Building C object esp-idf/lwip/CMakeFiles/__idf_lwip.dir/lwip/src/core/stats.c.obj
[  1%] Building C object esp-idf/lwip/CMakeFiles/__idf_lwip.dir/lwip/src/core/sys.c.obj
[  1%] Building C object esp-idf/lwip/CMakeFiles/__idf_lwip.dir/lwip/src/core/tcp.c.obj
[  1%] Building C object esp-idf/lwip/CMakeFiles/__idf_lwip.dir/lwip/src/core/tcp_in.c.obj
-- Detecting C compiler ABI info - done
-- Check for working C compiler: /home/codespace/.espressif/tools/xtensa-esp-elf/esp-16.1.0_20260609/xtensa-esp-elf/bin/xtensa-esp32s3-elf-gcc - skipped
-- Detecting C compile features
-- Detecting C compile features - done
[  1%] Building C object esp-idf/lwip/CMakeFiles/__idf_lwip.dir/lwip/src/core/tcp_out.c.obj
-- Detecting CXX compiler ABI info
-- Detecting CXX compiler ABI info - done
[  1%] Building C object esp-idf/lwip/CMakeFiles/__idf_lwip.dir/lwip/src/core/timeouts.c.obj
-- Check for working CXX compiler: /home/codespace/.espressif/tools/xtensa-esp-elf/esp-16.1.0_20260609/xtensa-esp-elf/bin/xtensa-esp32s3-elf-g++ - skipped
-- Detecting CXX compile features
-- Detecting CXX compile features - done
[  1%] Building C object esp-idf/lwip/CMakeFiles/__idf_lwip.dir/lwip/src/core/udp.c.obj
-- Building ESP-IDF components for target esp32s3
[  1%] Building C object esp-idf/lwip/CMakeFiles/__idf_lwip.dir/lwip/src/core/ipv4/autoip.c.obj
[  1%] Building C object esp-idf/lwip/CMakeFiles/__idf_lwip.dir/lwip/src/core/ipv4/dhcp.c.obj
[  1%] Building C object esp-idf/lwip/CMakeFiles/__idf_lwip.dir/lwip/src/core/ipv4/etharp.c.obj
[  1%] Building C object esp-idf/lwip/CMakeFiles/__idf_lwip.dir/lwip/src/core/ipv4/icmp.c.obj
[  1%] Building C object esp-idf/lwip/CMakeFiles/__idf_lwip.dir/lwip/src/core/ipv4/igmp.c.obj
[  1%] Building C object esp-idf/lwip/CMakeFiles/__idf_lwip.dir/lwip/src/core/ipv4/ip4.c.obj
[  1%] Building C object esp-idf/lwip/CMakeFiles/__idf_lwip.dir/lwip/src/core/ipv4/ip4_napt.c.obj
[  1%] Building C object esp-idf/lwip/CMakeFiles/__idf_lwip.dir/lwip/src/core/ipv4/ip4_addr.c.obj
[  1%] Building C object esp-idf/lwip/CMakeFiles/__idf_lwip.dir/lwip/src/core/ipv4/ip4_frag.c.obj
[  1%] Building C object esp-idf/lwip/CMakeFiles/__idf_lwip.dir/lwip/src/core/ipv6/dhcp6.c.obj
-- ESP-TEE is currently supported only on the esp32c6;esp32h2;esp32c5;esp32c61 SoCs
[  1%] Building C object esp-idf/lwip/CMakeFiles/__idf_lwip.dir/lwip/src/core/ipv6/ethip6.c.obj
[  1%] Building C object esp-idf/lwip/CMakeFiles/__idf_lwip.dir/lwip/src/core/ipv6/icmp6.c.obj
[  1%] Building C object esp-idf/lwip/CMakeFiles/__idf_lwip.dir/lwip/src/core/ipv6/inet6.c.obj
[  1%] Building C object esp-idf/lwip/CMakeFiles/__idf_lwip.dir/lwip/src/core/ipv6/ip6.c.obj
[  1%] Building C object esp-idf/lwip/CMakeFiles/__idf_lwip.dir/lwip/src/core/ipv6/ip6_addr.c.obj
[  1%] Building C object esp-idf/lwip/CMakeFiles/__idf_lwip.dir/lwip/src/core/ipv6/ip6_frag.c.obj
[  1%] Building C object esp-idf/lwip/CMakeFiles/__idf_lwip.dir/lwip/src/core/ipv6/mld6.c.obj
[  2%] Building C object esp-idf/lwip/CMakeFiles/__idf_lwip.dir/lwip/src/core/ipv6/nd6.c.obj
[  2%] Building C object esp-idf/lwip/CMakeFiles/__idf_lwip.dir/lwip/src/netif/ethernet.c.obj
[  2%] Building C object esp-idf/lwip/CMakeFiles/__idf_lwip.dir/lwip/src/netif/bridgeif.c.obj
[  2%] Building C object esp-idf/lwip/CMakeFiles/__idf_lwip.dir/lwip/src/netif/bridgeif_fdb.c.obj
[  2%] Building C object esp-idf/lwip/CMakeFiles/__idf_lwip.dir/lwip/src/netif/slipif.c.obj
[  2%] Building C object esp-idf/lwip/CMakeFiles/__idf_lwip.dir/lwip/src/netif/ppp/auth.c.obj
[  2%] Building C object esp-idf/lwip/CMakeFiles/__idf_lwip.dir/lwip/src/netif/ppp/ccp.c.obj
[  2%] Building C object esp-idf/lwip/CMakeFiles/__idf_lwip.dir/lwip/src/netif/ppp/chap-md5.c.obj
[  2%] Building C object esp-idf/lwip/CMakeFiles/__idf_lwip.dir/lwip/src/netif/ppp/chap-new.c.obj
[  2%] Building C object esp-idf/lwip/CMakeFiles/__idf_lwip.dir/lwip/src/netif/ppp/chap_ms.c.obj
-- KCONFIG_REPORT_VERBOSITY not set, using default
-- Project sdkconfig file /workspaces/Flipper-Zero-ESP32-Port/sdkconfig
[  2%] Building C object esp-idf/lwip/CMakeFiles/__idf_lwip.dir/lwip/src/netif/ppp/eap.c.obj
[  2%] Building C object esp-idf/lwip/CMakeFiles/__idf_lwip.dir/lwip/src/netif/ppp/demand.c.obj
[  2%] Building C object esp-idf/lwip/CMakeFiles/__idf_lwip.dir/lwip/src/netif/ppp/ecp.c.obj
[  2%] Building C object esp-idf/lwip/CMakeFiles/__idf_lwip.dir/lwip/src/netif/ppp/eui64.c.obj
[  2%] Building C object esp-idf/lwip/CMakeFiles/__idf_lwip.dir/lwip/src/netif/ppp/fsm.c.obj
[  2%] Building C object esp-idf/lwip/CMakeFiles/__idf_lwip.dir/lwip/src/netif/ppp/ipcp.c.obj
NOTE: Kconfig parser version: 1
NOTE: Kconfig defaults policy: use sdkconfig
NOTE: Status: Finished with notifications
NOTE: /home/codespace/esp/esp-idf/components/esp_hw_support/Kconfig:114: ESP_SLEEP_PSRAM_LEAKAGE_WORKAROUND has user-set value y from /workspaces/Flipper-Zero-ESP32-Port/sdkconfig but is not visible (disabled dependency)
NOTE: /home/codespace/esp/esp-idf/components/esp_stdio/Kconfig:150: ESP_CONSOLE_UART_BAUDRATE has user-set value 115200 from /workspaces/Flipper-Zero-ESP32-Port/sdkconfig but is not visible (disabled dependency)
NOTE: /home/codespace/esp/esp-idf/components/freertos/Kconfig:588: FREERTOS_TASK_CREATE_ALLOW_EXT_MEM has user-set value y from /workspaces/Flipper-Zero-ESP32-Port/sdkconfig but is not visible (disabled dependency)
NOTE: /home/codespace/esp/esp-idf/components/esp_libc/Kconfig:57: LIBC_STDOUT_LINE_ENDING has user-set value LIBC_STDOUT_LINE_ENDING_CRLF from /workspaces/Flipper-Zero-ESP32-Port/sdkconfig but is not visible
NOTE: /home/codespace/esp/esp-idf/components/esp_libc/Kconfig:82: LIBC_STDIN_LINE_ENDING has user-set value LIBC_STDIN_LINE_ENDING_CR from /workspaces/Flipper-Zero-ESP32-Port/sdkconfig but is not visible
HINT: Disabled symbols/choices are not written into sdkconfig file. Setting their user value has no effect.
[  2%] Building C object esp-idf/lwip/CMakeFiles/__idf_lwip.dir/lwip/src/netif/ppp/ipv6cp.c.obj
[  2%] Building C object esp-idf/lwip/CMakeFiles/__idf_lwip.dir/lwip/src/netif/ppp/lcp.c.obj
[  2%] Building C object esp-idf/lwip/CMakeFiles/__idf_lwip.dir/lwip/src/netif/ppp/magic.c.obj
[  2%] Building C object esp-idf/lwip/CMakeFiles/__idf_lwip.dir/lwip/src/netif/ppp/mppe.c.obj
[  2%] Building C object esp-idf/lwip/CMakeFiles/__idf_lwip.dir/lwip/src/netif/ppp/multilink.c.obj
[  2%] Building C object esp-idf/lwip/CMakeFiles/__idf_lwip.dir/lwip/src/netif/ppp/ppp.c.obj
-- Compiler supported targets: xtensa-esp-elf
-- Detecting C compiler ABI info
[  2%] Building C object esp-idf/lwip/CMakeFiles/__idf_lwip.dir/lwip/src/netif/ppp/pppapi.c.obj
[  2%] Building C object esp-idf/lwip/CMakeFiles/__idf_lwip.dir/lwip/src/netif/ppp/pppcrypt.c.obj
-- Detecting C compiler ABI info - done
-- Detecting CXX compiler ABI info
[  2%] Building C object esp-idf/lwip/CMakeFiles/__idf_lwip.dir/lwip/src/netif/ppp/pppoe.c.obj
[  2%] Building C object esp-idf/lwip/CMakeFiles/__idf_lwip.dir/lwip/src/netif/ppp/pppol2tp.c.obj
[  3%] Building C object esp-idf/lwip/CMakeFiles/__idf_lwip.dir/lwip/src/netif/ppp/pppos.c.obj
-- Detecting CXX compiler ABI info - done
[  3%] Building C object esp-idf/lwip/CMakeFiles/__idf_lwip.dir/lwip/src/netif/ppp/upap.c.obj
[  3%] Building C object esp-idf/lwip/CMakeFiles/__idf_lwip.dir/lwip/src/netif/ppp/utils.c.obj
[  3%] Building C object esp-idf/lwip/CMakeFiles/__idf_lwip.dir/lwip/src/netif/ppp/vj.c.obj
[  3%] Building C object esp-idf/lwip/CMakeFiles/__idf_lwip.dir/port/hooks/tcp_isn_default.c.obj
[  3%] Building C object esp-idf/lwip/CMakeFiles/__idf_lwip.dir/port/hooks/lwip_default_hooks.c.obj
[  3%] Building C object esp-idf/lwip/CMakeFiles/__idf_lwip.dir/port/debug/lwip_debug.c.obj
[  3%] Building C object esp-idf/lwip/CMakeFiles/__idf_lwip.dir/port/sockets_ext.c.obj
-- Detecting C compiler ABI info
[  3%] Building C object esp-idf/lwip/CMakeFiles/__idf_lwip.dir/port/freertos/sys_arch.c.obj
-- Detecting C compiler ABI info - done
[  3%] Building C object esp-idf/lwip/CMakeFiles/__idf_lwip.dir/port/if_index.c.obj
-- Detecting CXX compiler ABI info
[  3%] Building C object esp-idf/lwip/CMakeFiles/__idf_lwip.dir/port/acd_dhcp_check.c.obj
[  3%] Building C object esp-idf/lwip/CMakeFiles/__idf_lwip.dir/port/vfs_lwip.c.obj
-- Detecting CXX compiler ABI info - done
-- Performing Test compiler_supports_wunused_but_set_variable_eq_1
[  3%] Building C object esp-idf/lwip/CMakeFiles/__idf_lwip.dir/apps/ping/ping_sock.c.obj
[  3%] Building C object esp-idf/lwip/CMakeFiles/__idf_lwip.dir/lwip/src/netif/ppp/polarssl/arc4.c.obj
[  3%] Building C object esp-idf/lwip/CMakeFiles/__idf_lwip.dir/lwip/src/netif/ppp/polarssl/des.c.obj
-- Performing Test compiler_supports_wunused_but_set_variable_eq_1 - Success
-- Performing Test compiler_supports_ftrivial_auto_var_init
[  3%] Building C object esp-idf/lwip/CMakeFiles/__idf_lwip.dir/lwip/src/netif/ppp/polarssl/md4.c.obj
[  3%] Building C object esp-idf/lwip/CMakeFiles/__idf_lwip.dir/lwip/src/netif/ppp/polarssl/md5.c.obj
-- Performing Test compiler_supports_ftrivial_auto_var_init - Success
-- Adding linker script /home/codespace/esp/esp-idf/components/soc/esp32s3/ld/esp32s3.peripherals.ld
[  3%] Building C object esp-idf/lwip/CMakeFiles/__idf_lwip.dir/lwip/src/netif/ppp/polarssl/sha1.c.obj
-- Adding linker script /home/codespace/esp/esp-idf/components/esp_hal_regi2c/esp32s3/rom.regi2c.ld
[  3%] Building C object esp-idf/lwip/CMakeFiles/__idf_lwip.dir/apps/dhcpserver/dhcpserver.c.obj
-- Bootloader project name: "bootloader" version: 1
-- Adding linker script /home/codespace/esp/esp-idf/components/esp_hal_wdt/esp32s3/rom.wdt.ld
-- Adding linker script /home/codespace/esp/esp-idf/components/esp_rom/esp32s3/ld/esp32s3.rom.ld
-- Adding linker script /home/codespace/esp/esp-idf/components/esp_rom/esp32s3/ld/esp32s3.rom.api.ld
-- Adding linker script /home/codespace/esp/esp-idf/components/esp_rom/esp32s3/ld/esp32s3.rom.bt_funcs.ld
-- Adding linker script /home/codespace/esp/esp-idf/components/esp_rom/esp32s3/ld/esp32s3.rom.libgcc.ld
-- Adding linker script /home/codespace/esp/esp-idf/components/esp_rom/esp32s3/ld/esp32s3.rom.version.ld
-- Adding linker script /home/codespace/esp/esp-idf/components/esp_rom/esp32s3/ld/esp32s3.rom.libc.ld
Traceback (most recent call last):
  File "/home/codespace/esp/esp-idf/components/esp_rom/gen_gdbinit.py", line 72, in <module>
    gdbinit_lines = generate_gdbinit_rom_add_symbols(target)
                    ^^^^^^^^^^^^^^^^^^^^^^^^^^^^^^^^^^^^^^^^
  File "/home/codespace/esp/esp-idf/components/esp_rom/gen_gdbinit.py", line 31, in generate_gdbinit_rom_add_symbols
    raise OSError(
OSError: ESP_ROM_ELF_DIR environment variable is not defined. Please try to run IDF "install" and "export" scripts.
CMake Warning at /home/codespace/esp/esp-idf/tools/cmake/gdbinit.cmake:58 (message):
  Error while generating esp_rom gdbinit
Call Stack (most recent call first):
  /home/codespace/esp/esp-idf/tools/cmake/project.cmake:452 (__generate_gdbinit)
  /home/codespace/esp/esp-idf/tools/cmake/project.cmake:1157 (__project_info)
  CMakeLists.txt:88 (project)


[  3%] Linking C static library liblwip.a
-- Components: bootloader bootloader_support efuse esp_app_format esp_blockdev esp_bootloader_format esp_common esp_hal_ana_conv esp_hal_clock esp_hal_dma esp_hal_gpio esp_hal_gpspi esp_hal_mspi esp_hal_pmu esp_hal_regi2c esp_hal_rtc_timer esp_hal_security esp_hal_systimer esp_hal_timg esp_hal_uart esp_hal_usb esp_hal_wdt esp_hw_support esp_libc esp_rom esp_security esp_stdio esp_system esptool_py freertos hal log main micro-ecc partition_table soc spi_flash xtensa
-- Component paths: /home/codespace/esp/esp-idf/components/bootloader /home/codespace/esp/esp-idf/components/bootloader_support /home/codespace/esp/esp-idf/components/efuse /home/codespace/esp/esp-idf/components/esp_app_format /home/codespace/esp/esp-idf/components/esp_blockdev /home/codespace/esp/esp-idf/components/esp_bootloader_format /home/codespace/esp/esp-idf/components/esp_common /home/codespace/esp/esp-idf/components/esp_hal_ana_conv /home/codespace/esp/esp-idf/components/esp_hal_clock /home/codespace/esp/esp-idf/components/esp_hal_dma /home/codespace/esp/esp-idf/components/esp_hal_gpio /home/codespace/esp/esp-idf/components/esp_hal_gpspi /home/codespace/esp/esp-idf/components/esp_hal_mspi /home/codespace/esp/esp-idf/components/esp_hal_pmu /home/codespace/esp/esp-idf/components/esp_hal_regi2c /home/codespace/esp/esp-idf/components/esp_hal_rtc_timer /home/codespace/esp/esp-idf/components/esp_hal_security /home/codespace/esp/esp-idf/components/esp_hal_systimer /home/codespace/esp/esp-idf/components/esp_hal_timg /home/codespace/esp/esp-idf/components/esp_hal_uart /home/codespace/esp/esp-idf/components/esp_hal_usb /home/codespace/esp/esp-idf/components/esp_hal_wdt /home/codespace/esp/esp-idf/components/esp_hw_support /home/codespace/esp/esp-idf/components/esp_libc /home/codespace/esp/esp-idf/components/esp_rom /home/codespace/esp/esp-idf/components/esp_security /home/codespace/esp/esp-idf/components/esp_stdio /home/codespace/esp/esp-idf/components/esp_system /home/codespace/esp/esp-idf/components/esptool_py /home/codespace/esp/esp-idf/components/freertos /home/codespace/esp/esp-idf/components/hal /home/codespace/esp/esp-idf/components/log /home/codespace/esp/esp-idf/components/bootloader/subproject/main /home/codespace/esp/esp-idf/components/bootloader/subproject/components/micro-ecc /home/codespace/esp/esp-idf/components/partition_table /home/codespace/esp/esp-idf/components/soc /home/codespace/esp/esp-idf/components/spi_flash /home/codespace/esp/esp-idf/components/xtensa
-- Adding linker script /home/codespace/esp/esp-idf/components/bootloader/subproject/main/ld/esp32s3/bootloader.memory.ld.in
--   -> Preprocessing .in script: /home/codespace/esp/esp-idf/components/bootloader/subproject/main/ld/esp32s3/bootloader.memory.ld.in
-- Adding linker script /home/codespace/esp/esp-idf/components/bootloader/subproject/main/ld/esp32s3/bootloader.sections.ld.in
--   -> Preprocessing .in script: /home/codespace/esp/esp-idf/components/bootloader/subproject/main/ld/esp32s3/bootloader.sections.ld.in
-- Configuring done (23.3s)
[  3%] Built target __idf_lwip
[  3%] Building C object esp-idf/vfs/CMakeFiles/__idf_vfs.dir/vfs_eventfd.c.obj
[  3%] Building C object esp-idf/vfs/CMakeFiles/__idf_vfs.dir/vfs_calls.c.obj
[  3%] Building C object esp-idf/vfs/CMakeFiles/__idf_vfs.dir/vfs.c.obj
-- Generating done (0.7s)
-- Build files have been written to: /workspaces/Flipper-Zero-ESP32-Port/build/bootloader
[  3%] Performing build step for 'bootloader'
[  3%] Building C object esp-idf/vfs/CMakeFiles/__idf_vfs.dir/vfs_semihost.c.obj
[  3%] Building C object esp-idf/vfs/CMakeFiles/__idf_vfs.dir/nullfs.c.obj
[  0%] Building C object esp-idf/log/CMakeFiles/__idf_log.dir/src/noos/log_timestamp.c.obj
[  1%] Building C object esp-idf/log/CMakeFiles/__idf_log.dir/src/log_timestamp_common.c.obj
[  2%] Preprocessing linker script /home/codespace/esp/esp-idf/components/bootloader/subproject/main/ld/esp32s3/bootloader.memory.ld.in -> /workspaces/Flipper-Zero-ESP32-Port/build/bootloader/ld/bootloader.memory.ld
[  3%] Building C object esp-idf/log/CMakeFiles/__idf_log.dir/src/noos/log_lock.c.obj
[  3%] Built target bootloader_memory_ld_in_preprocess
[  3%] Preprocessing linker script /home/codespace/esp/esp-idf/components/bootloader/subproject/main/ld/esp32s3/bootloader.sections.ld.in -> /workspaces/Flipper-Zero-ESP32-Port/build/bootloader/ld/bootloader.sections.ld
[  4%] Building C object esp-idf/log/CMakeFiles/__idf_log.dir/src/noos/util.c.obj
[  4%] Building C object esp-idf/log/CMakeFiles/__idf_log.dir/src/buffer/log_buffers.c.obj
[  4%] Built target bootloader_sections_ld_in_preprocess
[  4%] Building C object esp-idf/log/CMakeFiles/__idf_log.dir/src/util.c.obj
[  5%] Building C object esp-idf/log/CMakeFiles/__idf_log.dir/src/log_format_text.c.obj
[  6%] Generating project_elf_src_esp32s3.c
[  3%] Linking C static library libvfs.a
[  6%] Built target _project_elf_src
[  6%] Building C object esp-idf/log/CMakeFiles/__idf_log.dir/src/log_print.c.obj
[  3%] Built target __idf_vfs
[  7%] Building C object esp-idf/log/CMakeFiles/__idf_log.dir/src/log.c.obj
[  3%] Building C object esp-idf/esp_driver_usb_serial_jtag/CMakeFiles/__idf_esp_driver_usb_serial_jtag.dir/src/usb_serial_jtag.c.obj
[  3%] Building C object esp-idf/esp_driver_usb_serial_jtag/CMakeFiles/__idf_esp_driver_usb_serial_jtag.dir/src/usb_serial_jtag_connection_monitor.c.obj
[  3%] Building C object esp-idf/esp_driver_usb_serial_jtag/CMakeFiles/__idf_esp_driver_usb_serial_jtag.dir/src/usb_serial_jtag_vfs.c.obj
[  8%] Linking C static library liblog.a
[  8%] Built target __idf_log
[  9%] Building C object esp-idf/esp_rom/CMakeFiles/__idf_esp_rom.dir/patches/esp_rom_sys.c.obj
[  9%] Building C object esp-idf/esp_rom/CMakeFiles/__idf_esp_rom.dir/patches/esp_rom_print.c.obj
[ 10%] Building C object esp-idf/esp_rom/CMakeFiles/__idf_esp_rom.dir/patches/esp_rom_crc.c.obj
[ 10%] Building C object esp-idf/esp_rom/CMakeFiles/__idf_esp_rom.dir/patches/esp_rom_serial_output.c.obj
[ 11%] Building C object esp-idf/esp_rom/CMakeFiles/__idf_esp_rom.dir/patches/esp_rom_spiflash.c.obj
[  3%] Linking C static library libesp_driver_usb_serial_jtag.a
[ 12%] Building C object esp-idf/esp_rom/CMakeFiles/__idf_esp_rom.dir/patches/esp_rom_efuse.c.obj
[ 12%] Building C object esp-idf/esp_rom/CMakeFiles/__idf_esp_rom.dir/patches/esp_rom_gpio.c.obj
[  3%] Built target __idf_esp_driver_usb_serial_jtag
[ 13%] Building ASM object esp-idf/esp_rom/CMakeFiles/__idf_esp_rom.dir/patches/esp_rom_longjmp.S.obj
[ 13%] Building C object esp-idf/esp_rom/CMakeFiles/__idf_esp_rom.dir/patches/esp_rom_cache_esp32s2_esp32s3.c.obj
[  3%] Extracting error codes for nvs_flash
[ 14%] Building ASM object esp-idf/esp_rom/CMakeFiles/__idf_esp_rom.dir/patches/esp_rom_cache_writeback_esp32s3.S.obj
[ 14%] Linking C static library libesp_rom.a
[ 14%] Built target __idf_esp_rom
[  3%] Generating error code table for nvs_flash
[ 14%] Extracting error codes for esp_common
[ 15%] Generating error code table for esp_common
[  3%] Building CXX object esp-idf/nvs_flash/CMakeFiles/__idf_nvs_flash.dir/src/nvs_api.cpp.obj
[  3%] Building CXX object esp-idf/nvs_flash/CMakeFiles/__idf_nvs_flash.dir/src/nvs_item_hash_list.cpp.obj
[  3%] Building CXX object esp-idf/nvs_flash/CMakeFiles/__idf_nvs_flash.dir/src/nvs_cxx_api.cpp.obj
[ 16%] Building C object esp-idf/esp_common/CMakeFiles/__idf_esp_common.dir/src/esp_err_to_name.c.obj
[ 17%] Building C object esp-idf/esp_common/CMakeFiles/__idf_esp_common.dir/__/__/esp_err_codes/esp_common_esp_err_codes.c.obj
[ 17%] Linking C static library libesp_common.a
[ 17%] Built target __idf_esp_common
[ 17%] Extracting error codes for esp_hw_support
[ 18%] Generating error code table for esp_hw_support
[ 19%] Building C object esp-idf/esp_hw_support/CMakeFiles/__idf_esp_hw_support.dir/cpu.c.obj
[ 19%] Building C object esp-idf/esp_hw_support/CMakeFiles/__idf_esp_hw_support.dir/port/esp32s3/esp_cpu_intr.c.obj
[ 20%] Building C object esp-idf/esp_hw_support/CMakeFiles/__idf_esp_hw_support.dir/esp_memory_utils.c.obj
[ 21%] Building C object esp-idf/esp_hw_support/CMakeFiles/__idf_esp_hw_support.dir/port/esp32s3/cpu_region_protect.c.obj
[ 21%] Building C object esp-idf/esp_hw_support/CMakeFiles/__idf_esp_hw_support.dir/__/__/esp_err_codes/esp_hw_support_esp_err_codes.c.obj
[ 22%] Building C object esp-idf/esp_hw_support/CMakeFiles/__idf_esp_hw_support.dir/port/esp32s3/rtc_clk.c.obj
[ 22%] Building C object esp-idf/esp_hw_support/CMakeFiles/__idf_esp_hw_support.dir/port/esp32s3/rtc_clk_init.c.obj
[ 23%] Building C object esp-idf/esp_hw_support/CMakeFiles/__idf_esp_hw_support.dir/port/esp32s3/rtc_init.c.obj
[  3%] Building CXX object esp-idf/nvs_flash/CMakeFiles/__idf_nvs_flash.dir/src/nvs_page.cpp.obj
[ 23%] Building C object esp-idf/esp_hw_support/CMakeFiles/__idf_esp_hw_support.dir/port/esp32s3/rtc_sleep.c.obj
[ 24%] Building C object esp-idf/esp_hw_support/CMakeFiles/__idf_esp_hw_support.dir/port/esp32s3/rtc_time.c.obj
[ 25%] Building C object esp-idf/esp_hw_support/CMakeFiles/__idf_esp_hw_support.dir/port/esp32s3/chip_info.c.obj
[  3%] Building CXX object esp-idf/nvs_flash/CMakeFiles/__idf_nvs_flash.dir/src/nvs_pagemanager.cpp.obj
[ 25%] Linking C static library libesp_hw_support.a
[ 25%] Built target __idf_esp_hw_support
[  3%] Building CXX object esp-idf/nvs_flash/CMakeFiles/__idf_nvs_flash.dir/src/nvs_storage.cpp.obj
[ 26%] Building C object esp-idf/esp_system/CMakeFiles/__idf_esp_system.dir/esp_err.c.obj
[ 27%] Linking C static library libesp_system.a
[ 27%] Built target __idf_esp_system
[ 28%] Building C object esp-idf/esp_hal_systimer/CMakeFiles/__idf_esp_hal_systimer.dir/systimer_hal.c.obj
[ 29%] Linking C static library libesp_hal_systimer.a
[ 29%] Built target __idf_esp_hal_systimer
[ 30%] Building C object esp-idf/efuse/CMakeFiles/__idf_efuse.dir/esp32s3/esp_efuse_table.c.obj
[ 31%] Building C object esp-idf/efuse/CMakeFiles/__idf_efuse.dir/esp32s3/esp_efuse_fields.c.obj
[ 31%] Building C object esp-idf/efuse/CMakeFiles/__idf_efuse.dir/esp32s3/esp_efuse_rtc_calib.c.obj
[ 32%] Building C object esp-idf/efuse/CMakeFiles/__idf_efuse.dir/esp32s3/esp_efuse_utility.c.obj
[ 32%] Building C object esp-idf/efuse/CMakeFiles/__idf_efuse.dir/src/esp_efuse_api.c.obj
[ 33%] Building C object esp-idf/efuse/CMakeFiles/__idf_efuse.dir/src/esp_efuse_dump.c.obj
[ 33%] Building C object esp-idf/efuse/CMakeFiles/__idf_efuse.dir/src/esp_efuse_fields.c.obj
[ 34%] Building C object esp-idf/efuse/CMakeFiles/__idf_efuse.dir/src/esp_efuse_utility.c.obj
[  3%] Building CXX object esp-idf/nvs_flash/CMakeFiles/__idf_nvs_flash.dir/src/nvs_handle_simple.cpp.obj
[ 35%] Building C object esp-idf/efuse/CMakeFiles/__idf_efuse.dir/src/efuse_controller/keys/with_key_purposes/esp_efuse_api_key.c.obj
[  3%] Building CXX object esp-idf/nvs_flash/CMakeFiles/__idf_nvs_flash.dir/src/nvs_handle_locked.cpp.obj
[ 35%] Linking C static library libefuse.a
[ 35%] Built target __idf_efuse
[ 36%] Extracting error codes for bootloader_support
[ 36%] Generating error code table for bootloader_support
[ 36%] Building C object esp-idf/bootloader_support/CMakeFiles/__idf_bootloader_support.dir/src/bootloader_common.c.obj
[  3%] Building CXX object esp-idf/nvs_flash/CMakeFiles/__idf_nvs_flash.dir/src/nvs_partition.cpp.obj
[ 37%] Building C object esp-idf/bootloader_support/CMakeFiles/__idf_bootloader_support.dir/src/bootloader_common_loader.c.obj
[ 37%] Building C object esp-idf/bootloader_support/CMakeFiles/__idf_bootloader_support.dir/src/bootloader_clock_init.c.obj
[ 38%] Building C object esp-idf/bootloader_support/CMakeFiles/__idf_bootloader_support.dir/src/bootloader_mem.c.obj
[ 38%] Building C object esp-idf/bootloader_support/CMakeFiles/__idf_bootloader_support.dir/src/bootloader_random.c.obj
[ 39%] Building C object esp-idf/bootloader_support/CMakeFiles/__idf_bootloader_support.dir/src/bootloader_efuse.c.obj
[ 40%] Building C object esp-idf/bootloader_support/CMakeFiles/__idf_bootloader_support.dir/src/flash_encrypt.c.obj
[ 40%] Building C object esp-idf/bootloader_support/CMakeFiles/__idf_bootloader_support.dir/src/secure_boot.c.obj
[  3%] Building CXX object esp-idf/nvs_flash/CMakeFiles/__idf_nvs_flash.dir/src/nvs_partition_lookup.cpp.obj
[ 41%] Building C object esp-idf/bootloader_support/CMakeFiles/__idf_bootloader_support.dir/src/bootloader_random_esp32s3.c.obj
[ 41%] Building C object esp-idf/bootloader_support/CMakeFiles/__idf_bootloader_support.dir/bootloader_flash/src/bootloader_flash.c.obj
[ 42%] Building C object esp-idf/bootloader_support/CMakeFiles/__idf_bootloader_support.dir/bootloader_flash/src/flash_qio_mode.c.obj
[ 42%] Building C object esp-idf/bootloader_support/CMakeFiles/__idf_bootloader_support.dir/bootloader_flash/src/bootloader_flash_config_esp32s3.c.obj
[  3%] Building CXX object esp-idf/nvs_flash/CMakeFiles/__idf_nvs_flash.dir/src/nvs_partition_manager.cpp.obj
[ 43%] Building C object esp-idf/bootloader_support/CMakeFiles/__idf_bootloader_support.dir/src/bootloader_utility.c.obj
[  3%] Building CXX object esp-idf/nvs_flash/CMakeFiles/__idf_nvs_flash.dir/src/nvs_types.cpp.obj
[  3%] Building CXX object esp-idf/nvs_flash/CMakeFiles/__idf_nvs_flash.dir/src/nvs_platform.cpp.obj
[  3%] Building C object esp-idf/nvs_flash/CMakeFiles/__idf_nvs_flash.dir/src/nvs_bootloader.c.obj
[ 44%] Building C object esp-idf/bootloader_support/CMakeFiles/__idf_bootloader_support.dir/src/flash_partitions.c.obj
[  3%] Building C object esp-idf/nvs_flash/CMakeFiles/__idf_nvs_flash.dir/__/__/esp_err_codes/nvs_flash_esp_err_codes.c.obj
[ 44%] Building C object esp-idf/bootloader_support/CMakeFiles/__idf_bootloader_support.dir/src/esp_image_format.c.obj
[  3%] Building CXX object esp-idf/nvs_flash/CMakeFiles/__idf_nvs_flash.dir/src/nvs_encrypted_partition.cpp.obj
[ 45%] Building C object esp-idf/bootloader_support/CMakeFiles/__idf_bootloader_support.dir/src/bootloader_sha.c.obj
[ 45%] Building C object esp-idf/bootloader_support/CMakeFiles/__idf_bootloader_support.dir/src/bootloader_reset_common.c.obj
[ 46%] Building C object esp-idf/bootloader_support/CMakeFiles/__idf_bootloader_support.dir/src/bootloader_init.c.obj
[ 46%] Building C object esp-idf/bootloader_support/CMakeFiles/__idf_bootloader_support.dir/src/bootloader_clock_loader.c.obj
[ 47%] Building C object esp-idf/bootloader_support/CMakeFiles/__idf_bootloader_support.dir/src/bootloader_console.c.obj
[ 48%] Building C object esp-idf/bootloader_support/CMakeFiles/__idf_bootloader_support.dir/src/bootloader_console_loader.c.obj
[ 48%] Building C object esp-idf/bootloader_support/CMakeFiles/__idf_bootloader_support.dir/src/esp32s3/bootloader_soc.c.obj
[ 50%] Building C object esp-idf/bootloader_support/CMakeFiles/__idf_bootloader_support.dir/src/esp32s3/bootloader_esp32s3.c.obj
[ 50%] Building C object esp-idf/bootloader_support/CMakeFiles/__idf_bootloader_support.dir/src/bootloader_panic.c.obj
[ 51%] Building C object esp-idf/bootloader_support/CMakeFiles/__idf_bootloader_support.dir/__/__/esp_err_codes/bootloader_support_esp_err_codes.c.obj
[  3%] Building C object esp-idf/nvs_flash/CMakeFiles/__idf_nvs_flash.dir/src/nvs_bootloader_xts_aes.c.obj
[  3%] Building C object esp-idf/nvs_flash/CMakeFiles/__idf_nvs_flash.dir/src/nvs_bootloader_aes.c.obj
[ 51%] Linking C static library libbootloader_support.a
[ 51%] Built target __idf_bootloader_support
[ 52%] Extracting error codes for esp_security
[ 53%] Generating error code table for esp_security
[ 53%] Building C object esp-idf/esp_security/CMakeFiles/__idf_esp_security.dir/src/esp_crypto_lock.c.obj
[ 54%] Building C object esp-idf/esp_security/CMakeFiles/__idf_esp_security.dir/src/esp_crypto_periph_clk.c.obj
[ 53%] Building C object esp-idf/esp_security/CMakeFiles/__idf_esp_security.dir/src/esp32s3/esp_crypto_clk.c.obj
[ 55%] Building C object esp-idf/esp_security/CMakeFiles/__idf_esp_security.dir/__/__/esp_err_codes/esp_security_esp_err_codes.c.obj
[ 55%] Linking C static library libesp_security.a
[ 55%] Built target __idf_esp_security
[ 56%] Building C object esp-idf/esp_hal_security/CMakeFiles/__idf_esp_hal_security.dir/mpu_hal.c.obj
[  3%] Linking C static library libnvs_flash.a
[  3%] Built target __idf_nvs_flash
[ 56%] Linking C static library libesp_hal_security.a
[  3%] Extracting error codes for nvs_sec_provider
[ 56%] Built target __idf_esp_hal_security
[  4%] Generating error code table for nvs_sec_provider
[ 57%] Building C object esp-idf/esp_hal_ana_conv/CMakeFiles/__idf_esp_hal_ana_conv.dir/adc_hal_common.c.obj
[ 58%] Building C object esp-idf/esp_hal_ana_conv/CMakeFiles/__idf_esp_hal_ana_conv.dir/esp32s3/adc_periph.c.obj
[ 58%] Building C object esp-idf/esp_hal_ana_conv/CMakeFiles/__idf_esp_hal_ana_conv.dir/adc_oneshot_hal.c.obj
[  4%] Building C object esp-idf/nvs_sec_provider/CMakeFiles/__idf_nvs_sec_provider.dir/nvs_sec_provider.c.obj
[  4%] Building C object esp-idf/nvs_sec_provider/CMakeFiles/__idf_nvs_sec_provider.dir/__/__/esp_err_codes/nvs_sec_provider_esp_err_codes.c.obj
[ 58%] Building C object esp-idf/esp_hal_ana_conv/CMakeFiles/__idf_esp_hal_ana_conv.dir/adc_hal.c.obj
[ 59%] Building C object esp-idf/esp_hal_ana_conv/CMakeFiles/__idf_esp_hal_ana_conv.dir/temperature_sensor_hal.c.obj
[  4%] Linking C static library libnvs_sec_provider.a
[ 59%] Building C object esp-idf/esp_hal_ana_conv/CMakeFiles/__idf_esp_hal_ana_conv.dir/esp32s3/temperature_sensor_periph.c.obj
[  4%] Built target __idf_nvs_sec_provider
[  4%] Building C object esp-idf/esp_driver_uart/CMakeFiles/__idf_esp_driver_uart.dir/src/uart_wakeup.c.obj
[  4%] Building C object esp-idf/esp_driver_uart/CMakeFiles/__idf_esp_driver_uart.dir/src/uart.c.obj
[  4%] Building C object esp-idf/esp_driver_uart/CMakeFiles/__idf_esp_driver_uart.dir/src/uhci.c.obj
[ 60%] Linking C static library libesp_hal_ana_conv.a
[ 60%] Built target __idf_esp_hal_ana_conv
[  4%] Building C object esp-idf/esp_driver_uart/CMakeFiles/__idf_esp_driver_uart.dir/src/uart_vfs.c.obj
[ 60%] Building C object esp-idf/esp_hal_wdt/CMakeFiles/__idf_esp_hal_wdt.dir/esp32s3/mwdt_periph.c.obj
[ 61%] Building C object esp-idf/esp_hal_wdt/CMakeFiles/__idf_esp_hal_wdt.dir/rom_patch.c.obj
[ 62%] Building C object esp-idf/esp_hal_wdt/CMakeFiles/__idf_esp_hal_wdt.dir/xt_wdt_hal.c.obj
[ 62%] Linking C static library libesp_hal_wdt.a
[ 62%] Built target __idf_esp_hal_wdt
[ 62%] Building C object esp-idf/esp_hal_timg/CMakeFiles/__idf_esp_hal_timg.dir/timer_hal.c.obj
[ 63%] Building C object esp-idf/esp_hal_timg/CMakeFiles/__idf_esp_hal_timg.dir/esp32s3/timer_periph.c.obj
[ 63%] Linking C static library libesp_hal_timg.a
[ 63%] Built target __idf_esp_hal_timg
[ 63%] Building C object esp-idf/micro-ecc/CMakeFiles/__idf_micro-ecc.dir/uECC_verify_antifault.c.obj
[  4%] Linking C static library libesp_driver_uart.a
[  4%] Built target __idf_esp_driver_uart
[  4%] Building C object esp-idf/esp_psram/CMakeFiles/__idf_esp_psram.dir/system_layer/esp_psram_mspi.c.obj
[  4%] Building C object esp-idf/esp_psram/CMakeFiles/__idf_esp_psram.dir/system_layer/esp_psram.c.obj
[  4%] Building C object esp-idf/esp_psram/CMakeFiles/__idf_esp_psram.dir/esp32s3/esp_psram_impl_octal.c.obj
[  4%] Building C object esp-idf/esp_psram/CMakeFiles/__idf_esp_psram.dir/xip_impl/mmu_psram_flash.c.obj
[  4%] Linking C static library libesp_psram.a
[  4%] Built target __idf_esp_psram
[  4%] Building C object esp-idf/esp_ringbuf/CMakeFiles/__idf_esp_ringbuf.dir/ringbuf.c.obj
[ 64%] Linking C static library libmicro-ecc.a
[ 64%] Built target __idf_micro-ecc
[ 65%] Building C object esp-idf/esp_bootloader_format/CMakeFiles/__idf_esp_bootloader_format.dir/esp_bootloader_desc.c.obj
[ 65%] Linking C static library libesp_bootloader_format.a
[ 65%] Built target __idf_esp_bootloader_format
[ 66%] Extracting error codes for spi_flash
[  4%] Linking C static library libesp_ringbuf.a
[ 66%] Generating error code table for spi_flash
[  4%] Built target __idf_esp_ringbuf
[  4%] Building C object esp-idf/esp_timer/CMakeFiles/__idf_esp_timer.dir/src/esp_timer.c.obj
[  4%] Building C object esp-idf/esp_timer/CMakeFiles/__idf_esp_timer.dir/src/esp_timer_init.c.obj
[  4%] Building C object esp-idf/esp_timer/CMakeFiles/__idf_esp_timer.dir/src/system_time.c.obj
[ 67%] Building C object esp-idf/spi_flash/CMakeFiles/__idf_spi_flash.dir/spi_flash_wrap.c.obj
[  4%] Building C object esp-idf/esp_timer/CMakeFiles/__idf_esp_timer.dir/src/esp_timer_impl_systimer.c.obj
[  4%] Building C object esp-idf/esp_timer/CMakeFiles/__idf_esp_timer.dir/src/esp_timer_impl_common.c.obj
[ 67%] Building C object esp-idf/spi_flash/CMakeFiles/__idf_spi_flash.dir/__/__/esp_err_codes/spi_flash_esp_err_codes.c.obj
[ 68%] Linking C static library libspi_flash.a
[  4%] Building C object esp-idf/esp_timer/CMakeFiles/__idf_esp_timer.dir/src/ets_timer_legacy.c.obj
[ 68%] Built target __idf_spi_flash
[ 69%] Building C object esp-idf/esp_hal_mspi/CMakeFiles/__idf_esp_hal_mspi.dir/esp32s3/mspi_periph.c.obj
[  5%] Linking C static library libesp_timer.a
[ 70%] Linking C static library libesp_hal_mspi.a
[ 70%] Built target __idf_esp_hal_mspi
[  5%] Built target __idf_esp_timer
[ 71%] Building C object esp-idf/esp_hal_clock/CMakeFiles/__idf_esp_hal_clock.dir/esp32s3/clk_tree_hal.c.obj
[  5%] Building CXX object esp-idf/cxx/CMakeFiles/__idf_cxx.dir/cxx_init.cpp.obj
[  5%] Building CXX object esp-idf/cxx/CMakeFiles/__idf_cxx.dir/cxx_exception_stubs.cpp.obj
[  5%] Building CXX object esp-idf/cxx/CMakeFiles/__idf_cxx.dir/cxx_guards.cpp.obj
[ 71%] Linking C static library libesp_hal_clock.a
[ 71%] Built target __idf_esp_hal_clock
[ 71%] Building C object esp-idf/esp_hal_gpspi/CMakeFiles/__idf_esp_hal_gpspi.dir/spi_hal_iram.c.obj
[ 73%] Building C object esp-idf/esp_hal_gpspi/CMakeFiles/__idf_esp_hal_gpspi.dir/spi_hal.c.obj
[ 72%] Building C object esp-idf/esp_hal_gpspi/CMakeFiles/__idf_esp_hal_gpspi.dir/esp32s3/spi_periph.c.obj
[ 74%] Building C object esp-idf/esp_hal_gpspi/CMakeFiles/__idf_esp_hal_gpspi.dir/spi_slave_hal.c.obj
[ 74%] Building C object esp-idf/esp_hal_gpspi/CMakeFiles/__idf_esp_hal_gpspi.dir/spi_slave_hal_iram.c.obj
[ 75%] Building C object esp-idf/esp_hal_gpspi/CMakeFiles/__idf_esp_hal_gpspi.dir/spi_slave_hd_hal.c.obj
[  5%] Linking C static library libcxx.a
[  5%] Built target __idf_cxx
[  5%] Building C object esp-idf/pthread/CMakeFiles/__idf_pthread.dir/pthread.c.obj
[  5%] Building C object esp-idf/pthread/CMakeFiles/__idf_pthread.dir/pthread_cond_var.c.obj
[  5%] Building C object esp-idf/pthread/CMakeFiles/__idf_pthread.dir/pthread_local_storage.c.obj
[ 75%] Linking C static library libesp_hal_gpspi.a
[  5%] Building C object esp-idf/pthread/CMakeFiles/__idf_pthread.dir/pthread_rwlock.c.obj
[ 75%] Built target __idf_esp_hal_gpspi
[  5%] Building C object esp-idf/pthread/CMakeFiles/__idf_pthread.dir/pthread_semaphore.c.obj
[ 76%] Building C object esp-idf/esp_hal_dma/CMakeFiles/__idf_esp_hal_dma.dir/gdma_hal_top.c.obj
[ 76%] Building C object esp-idf/esp_hal_dma/CMakeFiles/__idf_esp_hal_dma.dir/esp32s3/gdma_periph.c.obj
[ 77%] Building C object esp-idf/esp_hal_dma/CMakeFiles/__idf_esp_hal_dma.dir/gdma_hal_ahb_v1.c.obj
[  5%] Linking C static library libpthread.a
[  5%] Built target __idf_pthread
[  5%] Building C object esp-idf/esp_libc/CMakeFiles/__idf_esp_libc.dir/src/assert.c.obj
[  5%] Building C object esp-idf/esp_libc/CMakeFiles/__idf_esp_libc.dir/src/abort.c.obj
[  5%] Building C object esp-idf/esp_libc/CMakeFiles/__idf_esp_libc.dir/src/init.c.obj
[ 77%] Linking C static library libesp_hal_dma.a
[  5%] Building C object esp-idf/esp_libc/CMakeFiles/__idf_esp_libc.dir/src/heap.c.obj
[ 77%] Built target __idf_esp_hal_dma
[  5%] Building C object esp-idf/esp_libc/CMakeFiles/__idf_esp_libc.dir/src/locks.c.obj
[  5%] Building C object esp-idf/esp_libc/CMakeFiles/__idf_esp_libc.dir/src/poll.c.obj
[ 78%] Building C object esp-idf/esp_hal_uart/CMakeFiles/__idf_esp_hal_uart.dir/uart_hal.c.obj
[  5%] Building C object esp-idf/esp_libc/CMakeFiles/__idf_esp_libc.dir/src/pthread.c.obj
[  6%] Building C object esp-idf/esp_libc/CMakeFiles/__idf_esp_libc.dir/src/random.c.obj
[  6%] Building C object esp-idf/esp_libc/CMakeFiles/__idf_esp_libc.dir/src/getentropy.c.obj
[ 78%] Building C object esp-idf/esp_hal_uart/CMakeFiles/__idf_esp_hal_uart.dir/uart_hal_iram.c.obj
[  6%] Building C object esp-idf/esp_libc/CMakeFiles/__idf_esp_libc.dir/src/termios.c.obj
[ 79%] Building C object esp-idf/esp_hal_uart/CMakeFiles/__idf_esp_hal_uart.dir/esp32s3/uart_periph.c.obj
[  6%] Building C object esp-idf/esp_libc/CMakeFiles/__idf_esp_libc.dir/src/stdatomic.c.obj
[ 80%] Building C object esp-idf/esp_hal_uart/CMakeFiles/__idf_esp_hal_uart.dir/uhci_hal.c.obj
[  6%] Building C object esp-idf/esp_libc/CMakeFiles/__idf_esp_libc.dir/src/time.c.obj
[  6%] Building C object esp-idf/esp_libc/CMakeFiles/__idf_esp_libc.dir/src/timekeeping.c.obj
[ 80%] Linking C static library libesp_hal_uart.a
[  6%] Building C object esp-idf/esp_libc/CMakeFiles/__idf_esp_libc.dir/src/sysconf.c.obj
[  6%] Building C object esp-idf/esp_libc/CMakeFiles/__idf_esp_libc.dir/src/realpath.c.obj
[ 80%] Built target __idf_esp_hal_uart
[ 80%] Building C object esp-idf/esp_hal_pmu/CMakeFiles/__idf_esp_hal_pmu.dir/esp32s3/rtc_cntl_hal.c.obj
[ 81%] Building C object esp-idf/esp_hal_pmu/CMakeFiles/__idf_esp_hal_pmu.dir/brownout_hal.c.obj
[  6%] Building C object esp-idf/esp_libc/CMakeFiles/__idf_esp_libc.dir/src/scandir.c.obj
[  6%] Building C object esp-idf/esp_libc/CMakeFiles/__idf_esp_libc.dir/src/syscalls.c.obj
[ 81%] Linking C static library libesp_hal_pmu.a
[  6%] Building C object esp-idf/esp_libc/CMakeFiles/__idf_esp_libc.dir/src/reent_syscalls.c.obj
[ 81%] Built target __idf_esp_hal_pmu
[  6%] Building C object esp-idf/esp_libc/CMakeFiles/__idf_esp_libc.dir/src/port/esp_time_impl.c.obj
[ 82%] Building C object esp-idf/esp_hal_usb/CMakeFiles/__idf_esp_hal_usb.dir/usb_dwc_hal.c.obj
[  6%] Building C object esp-idf/esp_libc/CMakeFiles/__idf_esp_libc.dir/src/port/xtensa/stdatomic_s32c1i.c.obj
[  6%] Building C object esp-idf/esp_libc/CMakeFiles/__idf_esp_libc.dir/src/picolibc/picolibc_init.c.obj
[ 82%] Building C object esp-idf/esp_hal_usb/CMakeFiles/__idf_esp_hal_usb.dir/esp32s3/usb_dwc_periph.c.obj
[ 83%] Building C object esp-idf/esp_hal_usb/CMakeFiles/__idf_esp_hal_usb.dir/usb_wrap_hal.c.obj
[  6%] Building C object esp-idf/esp_libc/CMakeFiles/__idf_esp_libc.dir/src/picolibc/rand.c.obj
[  6%] Building C object esp-idf/esp_libc/CMakeFiles/__idf_esp_libc.dir/src/picolibc/errno.c.obj
[ 83%] Building C object esp-idf/esp_hal_usb/CMakeFiles/__idf_esp_hal_usb.dir/usb_serial_jtag_hal.c.obj
[  6%] Building C object esp-idf/esp_libc/CMakeFiles/__idf_esp_libc.dir/src/picolibc/getreent.c.obj
[ 84%] Linking C static library libesp_hal_usb.a
[  6%] Linking C static library libesp_libc.a
[ 84%] Built target __idf_esp_hal_usb
[ 86%] Building C object esp-idf/esp_hal_gpio/CMakeFiles/__idf_esp_hal_gpio.dir/rtc_io_hal.c.obj
[ 85%] Building C object esp-idf/esp_hal_gpio/CMakeFiles/__idf_esp_hal_gpio.dir/gpio_hal.c.obj
[ 86%] Building C object esp-idf/esp_hal_gpio/CMakeFiles/__idf_esp_hal_gpio.dir/esp32s3/rtc_io_periph.c.obj
[  6%] Built target __idf_esp_libc
[ 87%] Building C object esp-idf/esp_hal_gpio/CMakeFiles/__idf_esp_hal_gpio.dir/esp32s3/dedic_gpio_periph.c.obj
[ 87%] Building C object esp-idf/esp_hal_gpio/CMakeFiles/__idf_esp_hal_gpio.dir/sdm_hal.c.obj
[ 88%] Building C object esp-idf/esp_hal_gpio/CMakeFiles/__idf_esp_hal_gpio.dir/esp32s3/sdm_periph.c.obj
[  6%] Building C object esp-idf/freertos/CMakeFiles/__idf_freertos.dir/app_startup.c.obj
[  6%] Building C object esp-idf/freertos/CMakeFiles/__idf_freertos.dir/heap_idf.c.obj
[  6%] Building C object esp-idf/freertos/CMakeFiles/__idf_freertos.dir/port_common.c.obj
[ 88%] Linking C static library libesp_hal_gpio.a
[ 88%] Built target __idf_esp_hal_gpio
[ 88%] Building C object esp-idf/hal/CMakeFiles/__idf_hal.dir/hal_utils.c.obj
[  6%] Building C object esp-idf/freertos/CMakeFiles/__idf_freertos.dir/port_systick.c.obj
[ 89%] Building C object esp-idf/hal/CMakeFiles/__idf_hal.dir/efuse_hal.c.obj
[ 89%] Building C object esp-idf/hal/CMakeFiles/__idf_hal.dir/esp32s3/efuse_hal.c.obj
[  6%] Building C object esp-idf/freertos/CMakeFiles/__idf_freertos.dir/FreeRTOS-Kernel/list.c.obj
[  6%] Building C object esp-idf/freertos/CMakeFiles/__idf_freertos.dir/FreeRTOS-Kernel/queue.c.obj
[ 90%] Building C object esp-idf/hal/CMakeFiles/__idf_hal.dir/mmu_hal.c.obj
[  6%] Building C object esp-idf/freertos/CMakeFiles/__idf_freertos.dir/FreeRTOS-Kernel/tasks.c.obj
[ 90%] Building C object esp-idf/hal/CMakeFiles/__idf_hal.dir/cache_hal.c.obj
[  6%] Building C object esp-idf/freertos/CMakeFiles/__idf_freertos.dir/FreeRTOS-Kernel/timers.c.obj
[ 91%] Linking C static library libhal.a
[ 91%] Built target __idf_hal
[ 91%] Building C object esp-idf/soc/CMakeFiles/__idf_soc.dir/lldesc.c.obj
[ 92%] Building C object esp-idf/soc/CMakeFiles/__idf_soc.dir/esp32s3/interrupts.c.obj
[ 93%] Building C object esp-idf/soc/CMakeFiles/__idf_soc.dir/dport_access_common.c.obj
[ 93%] Building C object esp-idf/soc/CMakeFiles/__idf_soc.dir/esp32s3/gpio_periph.c.obj
[ 94%] Building C object esp-idf/soc/CMakeFiles/__idf_soc.dir/esp32s3/mpi_periph.c.obj
[ 94%] Building C object esp-idf/soc/CMakeFiles/__idf_soc.dir/esp32s3/power_supply_periph.c.obj
[  6%] Building C object esp-idf/freertos/CMakeFiles/__idf_freertos.dir/FreeRTOS-Kernel/stream_buffer.c.obj
[  6%] Building C object esp-idf/freertos/CMakeFiles/__idf_freertos.dir/FreeRTOS-Kernel/event_groups.c.obj
[ 95%] Linking C static library libsoc.a
[ 95%] Built target __idf_soc
[ 95%] Building C object esp-idf/xtensa/CMakeFiles/__idf_xtensa.dir/eri.c.obj
[ 96%] Building C object esp-idf/xtensa/CMakeFiles/__idf_xtensa.dir/xt_trax.c.obj
[  6%] Building C object esp-idf/freertos/CMakeFiles/__idf_freertos.dir/FreeRTOS-Kernel/portable/xtensa/port.c.obj
[  6%] Building ASM object esp-idf/freertos/CMakeFiles/__idf_freertos.dir/FreeRTOS-Kernel/portable/xtensa/portasm.S.obj
[ 96%] Linking C static library libxtensa.a
[  6%] Building C object esp-idf/freertos/CMakeFiles/__idf_freertos.dir/FreeRTOS-Kernel/portable/xtensa/xtensa_init.c.obj
[  6%] Building C object esp-idf/freertos/CMakeFiles/__idf_freertos.dir/FreeRTOS-Kernel/portable/xtensa/xtensa_overlay_os_hook.c.obj
[  6%] Building C object esp-idf/freertos/CMakeFiles/__idf_freertos.dir/esp_additions/idf_additions_event_groups.c.obj
[ 96%] Built target __idf_xtensa
[ 96%] Building C object esp-idf/main/CMakeFiles/__idf_main.dir/bootloader_start.c.obj
[  7%] Building C object esp-idf/freertos/CMakeFiles/__idf_freertos.dir/esp_additions/idf_additions.c.obj
[ 97%] Linking C static library libmain.a
[ 97%] Built target __idf_main
[ 98%] Building C object CMakeFiles/bootloader.elf.dir/project_elf_src_esp32s3.c.obj
[ 98%] Linking C executable bootloader.elf
[  7%] Linking C static library libfreertos.a
[  7%] Built target __idf_freertos
[  7%] Extracting error codes for esp_hw_support
[ 98%] Built target bootloader.elf
[100%] Generating binary image from built executable
[  7%] Generating error code table for esp_hw_support
[  7%] Building C object esp-idf/esp_hw_support/CMakeFiles/__idf_esp_hw_support.dir/cpu.c.obj
[  7%] Building C object esp-idf/esp_hw_support/CMakeFiles/__idf_esp_hw_support.dir/esp_memory_utils.c.obj
[  7%] Building C object esp-idf/esp_hw_support/CMakeFiles/__idf_esp_hw_support.dir/port/esp32s3/esp_cpu_intr.c.obj
esptool v5.3.1
Creating ESP32-S3 image...
Merged 2 ELF sections.
Successfully created ESP32-S3 image.
Generated /workspaces/Flipper-Zero-ESP32-Port/build/bootloader/bootloader.bin
[  7%] Building C object esp-idf/esp_hw_support/CMakeFiles/__idf_esp_hw_support.dir/port/esp32s3/cpu_region_protect.c.obj
[  7%] Building C object esp-idf/esp_hw_support/CMakeFiles/__idf_esp_hw_support.dir/esp_clk.c.obj
[100%] Built target gen_bootloader_binary
[  7%] Building C object esp-idf/esp_hw_support/CMakeFiles/__idf_esp_hw_support.dir/clk_ctrl_os.c.obj
[100%] Built target gen_project_binary
[  7%] Building C object esp-idf/esp_hw_support/CMakeFiles/__idf_esp_hw_support.dir/hw_random.c.obj
[  7%] Building C object esp-idf/esp_hw_support/CMakeFiles/__idf_esp_hw_support.dir/intr_alloc.c.obj
[  7%] Building C object esp-idf/esp_hw_support/CMakeFiles/__idf_esp_hw_support.dir/mac_addr.c.obj
[  7%] Building C object esp-idf/esp_hw_support/CMakeFiles/__idf_esp_hw_support.dir/periph_ctrl.c.obj
Bootloader binary size 0x5170 bytes. 0x2e90 bytes (36%) free.
[100%] Built target bootloader_check_size
[100%] Built target app
[  7%] Building C object esp-idf/esp_hw_support/CMakeFiles/__idf_esp_hw_support.dir/revision.c.obj
[  7%] No install step for 'bootloader'
[  7%] Completed 'bootloader'
[  7%] Building C object esp-idf/esp_hw_support/CMakeFiles/__idf_esp_hw_support.dir/rtc_module.c.obj
[  7%] Building C object esp-idf/esp_hw_support/CMakeFiles/__idf_esp_hw_support.dir/regi2c_ctrl.c.obj
[  7%] Built target bootloader
[  7%] Building C object esp-idf/esp_hw_support/CMakeFiles/__idf_esp_hw_support.dir/esp_gpio_reserve.c.obj
[  7%] Building C object esp-idf/esp_hw_support/CMakeFiles/__idf_esp_hw_support.dir/sar_tsens_ctrl.c.obj
[  7%] Building C object esp-idf/esp_hw_support/CMakeFiles/__idf_esp_hw_support.dir/sar_periph_ctrl_common.c.obj
[  7%] Building C object esp-idf/esp_hw_support/CMakeFiles/__idf_esp_hw_support.dir/io_mux.c.obj
[  7%] Building C object esp-idf/esp_hw_support/CMakeFiles/__idf_esp_hw_support.dir/port/esp32s3/io_mux.c.obj
[  7%] Building C object esp-idf/esp_hw_support/CMakeFiles/__idf_esp_hw_support.dir/port/esp32s3/esp_clk_tree.c.obj
[  7%] Building C object esp-idf/esp_hw_support/CMakeFiles/__idf_esp_hw_support.dir/spi_bus_lock.c.obj
[  8%] Building C object esp-idf/esp_hw_support/CMakeFiles/__idf_esp_hw_support.dir/heap_align_hw.c.obj
[  8%] Building C object esp-idf/esp_hw_support/CMakeFiles/__idf_esp_hw_support.dir/clk_utils.c.obj
[  8%] Building C object esp-idf/esp_hw_support/CMakeFiles/__idf_esp_hw_support.dir/usb_phy/usb_phy.c.obj
[  8%] Building C object esp-idf/esp_hw_support/CMakeFiles/__idf_esp_hw_support.dir/port/esp_clk_tree_common.c.obj
[  8%] Building C object esp-idf/esp_hw_support/CMakeFiles/__idf_esp_hw_support.dir/spi_share_hw_ctrl.c.obj
[  8%] Building C object esp-idf/esp_hw_support/CMakeFiles/__idf_esp_hw_support.dir/adc_share_hw_ctrl.c.obj
[  8%] Building C object esp-idf/esp_hw_support/CMakeFiles/__idf_esp_hw_support.dir/sleep_modem.c.obj
[  8%] Building C object esp-idf/esp_hw_support/CMakeFiles/__idf_esp_hw_support.dir/sleep_cache.c.obj
[  8%] Building C object esp-idf/esp_hw_support/CMakeFiles/__idf_esp_hw_support.dir/sleep_modes.c.obj
[  8%] Building C object esp-idf/esp_hw_support/CMakeFiles/__idf_esp_hw_support.dir/sleep_uart.c.obj
[  8%] Building C object esp-idf/esp_hw_support/CMakeFiles/__idf_esp_hw_support.dir/sleep_console.c.obj
[  8%] Building C object esp-idf/esp_hw_support/CMakeFiles/__idf_esp_hw_support.dir/sleep_mspi.c.obj
[  8%] Building C object esp-idf/esp_hw_support/CMakeFiles/__idf_esp_hw_support.dir/sleep_usb.c.obj
[  8%] Building C object esp-idf/esp_hw_support/CMakeFiles/__idf_esp_hw_support.dir/sleep_gpio.c.obj
[  8%] Building C object esp-idf/esp_hw_support/CMakeFiles/__idf_esp_hw_support.dir/sleep_event.c.obj
[  8%] Building C object esp-idf/esp_hw_support/CMakeFiles/__idf_esp_hw_support.dir/port/esp32s3/systimer.c.obj
[  8%] Building C object esp-idf/esp_hw_support/CMakeFiles/__idf_esp_hw_support.dir/mspi/mspi_timing_tuning/mspi_timing_tuning.c.obj
[  8%] Building C object esp-idf/esp_hw_support/CMakeFiles/__idf_esp_hw_support.dir/mspi/mspi_intr/mspi_intr.c.obj
[  8%] Building C object esp-idf/esp_hw_support/CMakeFiles/__idf_esp_hw_support.dir/sleep_wake_stub.c.obj
[  8%] Building C object esp-idf/esp_hw_support/CMakeFiles/__idf_esp_hw_support.dir/esp_clock_output.c.obj
[  8%] Building C object esp-idf/esp_hw_support/CMakeFiles/__idf_esp_hw_support.dir/power_supply/brownout.c.obj
[  8%] Building C object esp-idf/esp_hw_support/CMakeFiles/__idf_esp_hw_support.dir/__/__/esp_err_codes/esp_hw_support_esp_err_codes.c.obj
[  8%] Building C object esp-idf/esp_hw_support/CMakeFiles/__idf_esp_hw_support.dir/port/esp32s3/rtc_clk.c.obj
[  8%] Building C object esp-idf/esp_hw_support/CMakeFiles/__idf_esp_hw_support.dir/port/esp32s3/rtc_clk_init.c.obj
[  8%] Building C object esp-idf/esp_hw_support/CMakeFiles/__idf_esp_hw_support.dir/port/esp32s3/rtc_init.c.obj
[  8%] Building C object esp-idf/esp_hw_support/CMakeFiles/__idf_esp_hw_support.dir/port/esp32s3/rtc_sleep.c.obj
[  9%] Building C object esp-idf/esp_hw_support/CMakeFiles/__idf_esp_hw_support.dir/port/esp32s3/rtc_time.c.obj
[  9%] Building C object esp-idf/esp_hw_support/CMakeFiles/__idf_esp_hw_support.dir/port/esp32s3/chip_info.c.obj
[  9%] Building C object esp-idf/esp_hw_support/CMakeFiles/__idf_esp_hw_support.dir/port/esp_memprot_conv.c.obj
[  9%] Building C object esp-idf/esp_hw_support/CMakeFiles/__idf_esp_hw_support.dir/port/esp32s3/esp_memprot.c.obj
[  9%] Building C object esp-idf/esp_hw_support/CMakeFiles/__idf_esp_hw_support.dir/port/esp32s3/sar_periph_ctrl.c.obj
[  9%] Building C object esp-idf/esp_hw_support/CMakeFiles/__idf_esp_hw_support.dir/mspi/mspi_timing_tuning/port/esp32s3/mspi_timing_config.c.obj
[  9%] Building C object esp-idf/esp_hw_support/CMakeFiles/__idf_esp_hw_support.dir/mspi/mspi_timing_tuning/port/esp32s3/mspi_timing_by_mspi_delay.c.obj
[  9%] Building C object esp-idf/esp_hw_support/CMakeFiles/__idf_esp_hw_support.dir/lowpower/port/esp32s3/sleep_cpu.c.obj
[  9%] Linking C static library libesp_hw_support.a
[  9%] Built target __idf_esp_hw_support
[  9%] Building C object esp-idf/esp_hal_touch_sens/CMakeFiles/__idf_esp_hal_touch_sens.dir/touch_sensor_legacy_hal.c.obj
[ 10%] Building C object esp-idf/esp_hal_touch_sens/CMakeFiles/__idf_esp_hal_touch_sens.dir/esp32s3/touch_sensor_legacy_hal.c.obj
[ 10%] Building C object esp-idf/esp_hal_touch_sens/CMakeFiles/__idf_esp_hal_touch_sens.dir/esp32s3/touch_sensor_periph.c.obj
[ 10%] Building C object esp-idf/esp_hal_touch_sens/CMakeFiles/__idf_esp_hal_touch_sens.dir/touch_sens_hal.c.obj
[ 10%] Linking C static library libesp_hal_touch_sens.a
[ 10%] Built target __idf_esp_hal_touch_sens
[ 10%] Building C object esp-idf/esp_hal_systimer/CMakeFiles/__idf_esp_hal_systimer.dir/systimer_hal.c.obj
[ 10%] Linking C static library libesp_hal_systimer.a
[ 10%] Built target __idf_esp_hal_systimer
[ 10%] Building C object esp-idf/esp_hal_pmu/CMakeFiles/__idf_esp_hal_pmu.dir/esp32s3/rtc_cntl_hal.c.obj
[ 10%] Building C object esp-idf/esp_hal_pmu/CMakeFiles/__idf_esp_hal_pmu.dir/brownout_hal.c.obj
[ 10%] Linking C static library libesp_hal_pmu.a
[ 10%] Built target __idf_esp_hal_pmu
[ 10%] Building C object esp-idf/esp_hal_usb/CMakeFiles/__idf_esp_hal_usb.dir/usb_wrap_hal.c.obj
[ 10%] Building C object esp-idf/esp_hal_usb/CMakeFiles/__idf_esp_hal_usb.dir/usb_dwc_hal.c.obj
[ 10%] Building C object esp-idf/esp_hal_usb/CMakeFiles/__idf_esp_hal_usb.dir/usb_serial_jtag_hal.c.obj
[ 10%] Building C object esp-idf/esp_hal_usb/CMakeFiles/__idf_esp_hal_usb.dir/esp32s3/usb_dwc_periph.c.obj
[ 10%] Linking C static library libesp_hal_usb.a
[ 10%] Built target __idf_esp_hal_usb
[ 10%] Building C object esp-idf/esp_hal_gpio/CMakeFiles/__idf_esp_hal_gpio.dir/rtc_io_hal.c.obj
[ 10%] Building C object esp-idf/esp_hal_gpio/CMakeFiles/__idf_esp_hal_gpio.dir/gpio_hal.c.obj
[ 10%] Building C object esp-idf/esp_hal_gpio/CMakeFiles/__idf_esp_hal_gpio.dir/esp32s3/dedic_gpio_periph.c.obj
[ 10%] Building C object esp-idf/esp_hal_gpio/CMakeFiles/__idf_esp_hal_gpio.dir/esp32s3/rtc_io_periph.c.obj
[ 10%] Building C object esp-idf/esp_hal_gpio/CMakeFiles/__idf_esp_hal_gpio.dir/sdm_hal.c.obj
[ 10%] Building C object esp-idf/esp_hal_gpio/CMakeFiles/__idf_esp_hal_gpio.dir/esp32s3/sdm_periph.c.obj
[ 10%] Linking C static library libesp_hal_gpio.a
[ 10%] Built target __idf_esp_hal_gpio
[ 10%] Building C object esp-idf/soc/CMakeFiles/__idf_soc.dir/dport_access_common.c.obj
[ 11%] Building C object esp-idf/soc/CMakeFiles/__idf_soc.dir/lldesc.c.obj
[ 11%] Building C object esp-idf/soc/CMakeFiles/__idf_soc.dir/esp32s3/interrupts.c.obj
[ 11%] Building C object esp-idf/soc/CMakeFiles/__idf_soc.dir/esp32s3/gpio_periph.c.obj
[ 11%] Building C object esp-idf/soc/CMakeFiles/__idf_soc.dir/esp32s3/mpi_periph.c.obj
[ 11%] Building C object esp-idf/soc/CMakeFiles/__idf_soc.dir/esp32s3/power_supply_periph.c.obj
[ 11%] Linking C static library libsoc.a
[ 11%] Built target __idf_soc
[ 11%] Building C object esp-idf/heap/CMakeFiles/__idf_heap.dir/multi_heap.c.obj
[ 11%] Building C object esp-idf/heap/CMakeFiles/__idf_heap.dir/heap_caps.c.obj
[ 11%] Building C object esp-idf/heap/CMakeFiles/__idf_heap.dir/heap_caps_init.c.obj
[ 11%] Building C object esp-idf/heap/CMakeFiles/__idf_heap.dir/heap_caps_base.c.obj
[ 11%] Building C object esp-idf/heap/CMakeFiles/__idf_heap.dir/tlsf/tlsf.c.obj
[ 11%] Building C object esp-idf/heap/CMakeFiles/__idf_heap.dir/port/memory_layout_utils.c.obj
[ 11%] Building C object esp-idf/heap/CMakeFiles/__idf_heap.dir/port/esp32s3/memory_layout.c.obj
[ 11%] Linking C static library libheap.a
[ 11%] Built target __idf_heap
[ 11%] Building C object esp-idf/log/CMakeFiles/__idf_log.dir/src/buffer/log_buffers.c.obj
[ 11%] Building C object esp-idf/log/CMakeFiles/__idf_log.dir/src/os/log_timestamp.c.obj
[ 11%] Building C object esp-idf/log/CMakeFiles/__idf_log.dir/src/os/log_lock.c.obj
[ 11%] Building C object esp-idf/log/CMakeFiles/__idf_log.dir/src/log_timestamp_common.c.obj
[ 11%] Building C object esp-idf/log/CMakeFiles/__idf_log.dir/src/os/util.c.obj
[ 11%] Building C object esp-idf/log/CMakeFiles/__idf_log.dir/src/util.c.obj
[ 11%] Building C object esp-idf/log/CMakeFiles/__idf_log.dir/src/log_print.c.obj
[ 11%] Building C object esp-idf/log/CMakeFiles/__idf_log.dir/src/log_format_text.c.obj
[ 11%] Building C object esp-idf/log/CMakeFiles/__idf_log.dir/src/log.c.obj
[ 12%] Building C object esp-idf/log/CMakeFiles/__idf_log.dir/src/os/log_write.c.obj
[ 12%] Building C object esp-idf/log/CMakeFiles/__idf_log.dir/src/log_level/log_level.c.obj
[ 12%] Building C object esp-idf/log/CMakeFiles/__idf_log.dir/src/log_level/tag_log_level/tag_log_level.c.obj
[ 12%] Building C object esp-idf/log/CMakeFiles/__idf_log.dir/src/log_level/tag_log_level/linked_list/log_linked_list.c.obj
[ 12%] Building C object esp-idf/log/CMakeFiles/__idf_log.dir/src/log_level/tag_log_level/cache/log_binary_heap.c.obj
[ 12%] Linking C static library liblog.a
[ 12%] Built target __idf_log
[ 12%] Building C object esp-idf/hal/CMakeFiles/__idf_hal.dir/hal_utils.c.obj
[ 13%] Building C object esp-idf/hal/CMakeFiles/__idf_hal.dir/mmu_hal.c.obj
[ 13%] Building C object esp-idf/hal/CMakeFiles/__idf_hal.dir/efuse_hal.c.obj
[ 13%] Building C object esp-idf/hal/CMakeFiles/__idf_hal.dir/esp32s3/efuse_hal.c.obj
[ 13%] Building C object esp-idf/hal/CMakeFiles/__idf_hal.dir/cache_hal.c.obj
[ 13%] Building C object esp-idf/hal/CMakeFiles/__idf_hal.dir/color_hal.c.obj
[ 13%] Linking C static library libhal.a
[ 13%] Built target __idf_hal
[ 13%] Building C object esp-idf/esp_rom/CMakeFiles/__idf_esp_rom.dir/patches/esp_rom_crc.c.obj
[ 13%] Building C object esp-idf/esp_rom/CMakeFiles/__idf_esp_rom.dir/patches/esp_rom_sys.c.obj
[ 13%] Building C object esp-idf/esp_rom/CMakeFiles/__idf_esp_rom.dir/patches/esp_rom_print.c.obj
[ 13%] Building C object esp-idf/esp_rom/CMakeFiles/__idf_esp_rom.dir/patches/esp_rom_serial_output.c.obj
[ 13%] Building C object esp-idf/esp_rom/CMakeFiles/__idf_esp_rom.dir/patches/esp_rom_spiflash.c.obj
[ 13%] Building C object esp-idf/esp_rom/CMakeFiles/__idf_esp_rom.dir/patches/esp_rom_efuse.c.obj
[ 13%] Building ASM object esp-idf/esp_rom/CMakeFiles/__idf_esp_rom.dir/patches/esp_rom_longjmp.S.obj
[ 13%] Building C object esp-idf/esp_rom/CMakeFiles/__idf_esp_rom.dir/patches/esp_rom_gpio.c.obj
[ 13%] Building C object esp-idf/esp_rom/CMakeFiles/__idf_esp_rom.dir/patches/esp_rom_cache_esp32s2_esp32s3.c.obj
[ 13%] Building ASM object esp-idf/esp_rom/CMakeFiles/__idf_esp_rom.dir/patches/esp_rom_cache_writeback_esp32s3.S.obj
[ 13%] Linking C static library libesp_rom.a
[ 13%] Built target __idf_esp_rom
[ 13%] Extracting error codes for esp_common
[ 13%] Generating error code table for esp_common
[ 13%] Building C object esp-idf/esp_common/CMakeFiles/__idf_esp_common.dir/__/__/esp_err_codes/esp_common_esp_err_codes.c.obj
[ 14%] Building C object esp-idf/esp_common/CMakeFiles/__idf_esp_common.dir/src/esp_err_to_name.c.obj
[ 14%] Linking C static library libesp_common.a
[ 14%] Built target __idf_esp_common
[ 14%] Building C object esp-idf/esp_system/CMakeFiles/__idf_esp_system.dir/esp_err.c.obj
[ 14%] Building C object esp-idf/esp_system/CMakeFiles/__idf_esp_system.dir/crosscore_int.c.obj
[ 14%] Building C object esp-idf/esp_system/CMakeFiles/__idf_esp_system.dir/esp_sys_event.c.obj
[ 14%] Building C object esp-idf/esp_system/CMakeFiles/__idf_esp_system.dir/esp_ipc.c.obj
[ 14%] Building C object esp-idf/esp_system/CMakeFiles/__idf_esp_system.dir/freertos_hooks.c.obj
[ 14%] Building C object esp-idf/esp_system/CMakeFiles/__idf_esp_system.dir/panic.c.obj
[ 14%] Building C object esp-idf/esp_system/CMakeFiles/__idf_esp_system.dir/esp_system.c.obj
[ 14%] Building C object esp-idf/esp_system/CMakeFiles/__idf_esp_system.dir/startup.c.obj
[ 14%] Building C object esp-idf/esp_system/CMakeFiles/__idf_esp_system.dir/startup_funcs.c.obj
[ 14%] Building C object esp-idf/esp_system/CMakeFiles/__idf_esp_system.dir/system_time.c.obj
[ 14%] Building C object esp-idf/esp_system/CMakeFiles/__idf_esp_system.dir/stack_check.c.obj
[ 14%] Building C object esp-idf/esp_system/CMakeFiles/__idf_esp_system.dir/ubsan.c.obj
[ 14%] Building C object esp-idf/esp_system/CMakeFiles/__idf_esp_system.dir/int_wdt.c.obj
[ 14%] Building C object esp-idf/esp_system/CMakeFiles/__idf_esp_system.dir/xt_wdt.c.obj
[ 14%] Building C object esp-idf/esp_system/CMakeFiles/__idf_esp_system.dir/task_wdt/task_wdt.c.obj
[ 15%] Building C object esp-idf/esp_system/CMakeFiles/__idf_esp_system.dir/task_wdt/task_wdt_impl_timergroup.c.obj
[ 15%] Building C object esp-idf/esp_system/CMakeFiles/__idf_esp_system.dir/port/cpu_start.c.obj
[ 15%] Building C object esp-idf/esp_system/CMakeFiles/__idf_esp_system.dir/port/panic_handler.c.obj
[ 15%] Building C object esp-idf/esp_system/CMakeFiles/__idf_esp_system.dir/port/esp_system_chip.c.obj
[ 15%] Building C object esp-idf/esp_system/CMakeFiles/__idf_esp_system.dir/port/image_process.c.obj
[ 15%] Building C object esp-idf/esp_system/CMakeFiles/__idf_esp_system.dir/port/arch/xtensa/panic_arch.c.obj
[ 15%] Building ASM object esp-idf/esp_system/CMakeFiles/__idf_esp_system.dir/port/arch/xtensa/panic_handler_asm.S.obj
[ 15%] Building C object esp-idf/esp_system/CMakeFiles/__idf_esp_system.dir/port/arch/xtensa/expression_with_stack.c.obj
[ 15%] Building ASM object esp-idf/esp_system/CMakeFiles/__idf_esp_system.dir/port/arch/xtensa/expression_with_stack_asm.S.obj
[ 15%] Building C object esp-idf/esp_system/CMakeFiles/__idf_esp_system.dir/port/arch/xtensa/debug_helpers.c.obj
[ 15%] Building ASM object esp-idf/esp_system/CMakeFiles/__idf_esp_system.dir/port/arch/xtensa/debug_helpers_asm.S.obj
[ 15%] Building C object esp-idf/esp_system/CMakeFiles/__idf_esp_system.dir/port/arch/xtensa/debug_stubs.c.obj
[ 15%] Building C object esp-idf/esp_system/CMakeFiles/__idf_esp_system.dir/port/arch/xtensa/trax.c.obj
[ 15%] Building ASM object esp-idf/esp_system/CMakeFiles/__idf_esp_system.dir/port/soc/esp32s3/highint_hdl.S.obj
[ 15%] Building C object esp-idf/esp_system/CMakeFiles/__idf_esp_system.dir/port/soc/esp32s3/clk.c.obj
[ 15%] Building C object esp-idf/esp_system/CMakeFiles/__idf_esp_system.dir/port/soc/esp32s3/reset_reason.c.obj
[ 15%] Building C object esp-idf/esp_system/CMakeFiles/__idf_esp_system.dir/port/soc/esp32s3/system_internal.c.obj
[ 15%] Building C object esp-idf/esp_system/CMakeFiles/__idf_esp_system.dir/port/soc/esp32s3/cache_err_int.c.obj
[ 15%] Building C object esp-idf/esp_system/CMakeFiles/__idf_esp_system.dir/port/soc/esp32s3/apb_backup_dma.c.obj
[ 15%] Linking C static library libesp_system.a
[ 15%] Built target __idf_esp_system
[ 15%] Extracting error codes for spi_flash
[ 15%] Generating error code table for spi_flash
[ 15%] Building C object esp-idf/spi_flash/CMakeFiles/__idf_spi_flash.dir/spi_flash_chip_drivers.c.obj
[ 15%] Building C object esp-idf/spi_flash/CMakeFiles/__idf_spi_flash.dir/flash_brownout_hook.c.obj
[ 15%] Building C object esp-idf/spi_flash/CMakeFiles/__idf_spi_flash.dir/esp32s3/spi_flash_oct_flash_init.c.obj
[ 15%] Building C object esp-idf/spi_flash/CMakeFiles/__idf_spi_flash.dir/spi_flash_hpm_enable.c.obj
[ 15%] Building C object esp-idf/spi_flash/CMakeFiles/__idf_spi_flash.dir/spi_flash_chip_generic.c.obj
[ 15%] Building C object esp-idf/spi_flash/CMakeFiles/__idf_spi_flash.dir/spi_flash_chip_issi.c.obj
[ 15%] Building C object esp-idf/spi_flash/CMakeFiles/__idf_spi_flash.dir/spi_flash_chip_mxic.c.obj
[ 15%] Building C object esp-idf/spi_flash/CMakeFiles/__idf_spi_flash.dir/spi_flash_chip_gd.c.obj
[ 15%] Building C object esp-idf/spi_flash/CMakeFiles/__idf_spi_flash.dir/spi_flash_chip_winbond.c.obj
[ 15%] Building C object esp-idf/spi_flash/CMakeFiles/__idf_spi_flash.dir/spi_flash_chip_boya.c.obj
[ 15%] Building C object esp-idf/spi_flash/CMakeFiles/__idf_spi_flash.dir/spi_flash_chip_mxic_opi.c.obj
[ 15%] Building C object esp-idf/spi_flash/CMakeFiles/__idf_spi_flash.dir/spi_flash_chip_th.c.obj
[ 15%] Building C object esp-idf/spi_flash/CMakeFiles/__idf_spi_flash.dir/memspi_host_driver.c.obj
[ 15%] Building C object esp-idf/spi_flash/CMakeFiles/__idf_spi_flash.dir/spi_flash_blockdev.c.obj
[ 15%] Building C object esp-idf/spi_flash/CMakeFiles/__idf_spi_flash.dir/cache_utils.c.obj
[ 15%] Building C object esp-idf/spi_flash/CMakeFiles/__idf_spi_flash.dir/flash_mmap.c.obj
[ 15%] Building C object esp-idf/spi_flash/CMakeFiles/__idf_spi_flash.dir/flash_ops.c.obj
[ 16%] Building C object esp-idf/spi_flash/CMakeFiles/__idf_spi_flash.dir/spi_flash_wrap.c.obj
[ 16%] Building C object esp-idf/spi_flash/CMakeFiles/__idf_spi_flash.dir/esp_flash_api.c.obj
[ 16%] Building C object esp-idf/spi_flash/CMakeFiles/__idf_spi_flash.dir/esp_flash_spi_init.c.obj
[ 16%] Building C object esp-idf/spi_flash/CMakeFiles/__idf_spi_flash.dir/spi_flash_os_func_app.c.obj
[ 16%] Building C object esp-idf/spi_flash/CMakeFiles/__idf_spi_flash.dir/spi_flash_os_func_noos.c.obj
[ 16%] Building C object esp-idf/spi_flash/CMakeFiles/__idf_spi_flash.dir/__/__/esp_err_codes/spi_flash_esp_err_codes.c.obj
[ 16%] Linking C static library libspi_flash.a
[ 16%] Built target __idf_spi_flash
[ 16%] Extracting error codes for bootloader_support
[ 16%] Generating error code table for bootloader_support
[ 16%] Building C object esp-idf/bootloader_support/CMakeFiles/__idf_bootloader_support.dir/src/bootloader_common.c.obj
[ 16%] Building C object esp-idf/bootloader_support/CMakeFiles/__idf_bootloader_support.dir/src/bootloader_mem.c.obj
[ 16%] Building C object esp-idf/bootloader_support/CMakeFiles/__idf_bootloader_support.dir/src/bootloader_clock_init.c.obj
[ 16%] Building C object esp-idf/bootloader_support/CMakeFiles/__idf_bootloader_support.dir/src/bootloader_common_loader.c.obj
[ 16%] Building C object esp-idf/bootloader_support/CMakeFiles/__idf_bootloader_support.dir/src/bootloader_random.c.obj
[ 16%] Building C object esp-idf/bootloader_support/CMakeFiles/__idf_bootloader_support.dir/src/bootloader_efuse.c.obj
[ 16%] Building C object esp-idf/bootloader_support/CMakeFiles/__idf_bootloader_support.dir/src/flash_encrypt.c.obj
[ 16%] Building C object esp-idf/bootloader_support/CMakeFiles/__idf_bootloader_support.dir/src/secure_boot.c.obj
[ 16%] Building C object esp-idf/bootloader_support/CMakeFiles/__idf_bootloader_support.dir/bootloader_flash/src/bootloader_flash.c.obj
[ 16%] Building C object esp-idf/bootloader_support/CMakeFiles/__idf_bootloader_support.dir/src/bootloader_random_esp32s3.c.obj
[ 16%] Building C object esp-idf/bootloader_support/CMakeFiles/__idf_bootloader_support.dir/bootloader_flash/src/flash_qio_mode.c.obj
[ 16%] Building C object esp-idf/bootloader_support/CMakeFiles/__idf_bootloader_support.dir/bootloader_flash/src/bootloader_flash_config_esp32s3.c.obj
[ 16%] Building C object esp-idf/bootloader_support/CMakeFiles/__idf_bootloader_support.dir/src/bootloader_utility.c.obj
[ 16%] Building C object esp-idf/bootloader_support/CMakeFiles/__idf_bootloader_support.dir/src/flash_partitions.c.obj
[ 16%] Building C object esp-idf/bootloader_support/CMakeFiles/__idf_bootloader_support.dir/src/esp_image_format.c.obj
[ 16%] Building C object esp-idf/bootloader_support/CMakeFiles/__idf_bootloader_support.dir/src/esp32s3/secure_boot_secure_features.c.obj
[ 16%] Building C object esp-idf/bootloader_support/CMakeFiles/__idf_bootloader_support.dir/src/bootloader_sha.c.obj
[ 16%] Building C object esp-idf/bootloader_support/CMakeFiles/__idf_bootloader_support.dir/__/__/esp_err_codes/bootloader_support_esp_err_codes.c.obj
[ 16%] Linking C static library libbootloader_support.a
[ 16%] Built target __idf_bootloader_support
[ 16%] Building C object esp-idf/esp_hal_ana_conv/CMakeFiles/__idf_esp_hal_ana_conv.dir/esp32s3/adc_periph.c.obj
[ 16%] Building C object esp-idf/esp_hal_ana_conv/CMakeFiles/__idf_esp_hal_ana_conv.dir/adc_oneshot_hal.c.obj
[ 16%] Building C object esp-idf/esp_hal_ana_conv/CMakeFiles/__idf_esp_hal_ana_conv.dir/adc_hal_common.c.obj
[ 16%] Building C object esp-idf/esp_hal_ana_conv/CMakeFiles/__idf_esp_hal_ana_conv.dir/adc_hal.c.obj
[ 16%] Building C object esp-idf/esp_hal_ana_conv/CMakeFiles/__idf_esp_hal_ana_conv.dir/temperature_sensor_hal.c.obj
[ 16%] Building C object esp-idf/esp_hal_ana_conv/CMakeFiles/__idf_esp_hal_ana_conv.dir/esp32s3/temperature_sensor_periph.c.obj
[ 16%] Linking C static library libesp_hal_ana_conv.a
[ 16%] Built target __idf_esp_hal_ana_conv
[ 16%] Building C object esp-idf/esp_hal_wdt/CMakeFiles/__idf_esp_hal_wdt.dir/esp32s3/mwdt_periph.c.obj
[ 16%] Building C object esp-idf/esp_hal_wdt/CMakeFiles/__idf_esp_hal_wdt.dir/rom_patch.c.obj
[ 16%] Building C object esp-idf/esp_hal_wdt/CMakeFiles/__idf_esp_hal_wdt.dir/xt_wdt_hal.c.obj
[ 16%] Linking C static library libesp_hal_wdt.a
[ 16%] Built target __idf_esp_hal_wdt
[ 16%] Building C object esp-idf/esp_hal_timg/CMakeFiles/__idf_esp_hal_timg.dir/timer_hal.c.obj
[ 16%] Building C object esp-idf/esp_hal_timg/CMakeFiles/__idf_esp_hal_timg.dir/esp32s3/timer_periph.c.obj
[ 16%] Linking C static library libesp_hal_timg.a
[ 16%] Built target __idf_esp_hal_timg
[ 16%] Building C object esp-idf/mbedtls/mbedtls/tf-psa-crypto/drivers/everest/CMakeFiles/everest.dir/library/Hacl_Curve25519_joined.c.obj
[ 16%] Building C object esp-idf/mbedtls/mbedtls/tf-psa-crypto/drivers/everest/CMakeFiles/everest.dir/library/x25519.c.obj
[ 16%] Linking CXX static library libeverest.a
[ 16%] Built target everest
[ 16%] Building C object esp-idf/mbedtls/mbedtls/tf-psa-crypto/drivers/p256-m/CMakeFiles/p256-m.dir/p256-m_driver_entrypoints.c.obj
[ 16%] Building C object esp-idf/mbedtls/mbedtls/tf-psa-crypto/drivers/p256-m/CMakeFiles/p256-m.dir/p256-m/p256-m.c.obj
[ 16%] Linking CXX static library libp256-m.a
[ 16%] Built target p256-m
[ 16%] Building C object esp-idf/mbedtls/mbedtls/tf-psa-crypto/drivers/builtin/CMakeFiles/builtin.dir/src/aria.c.obj
[ 16%] Building C object esp-idf/mbedtls/mbedtls/tf-psa-crypto/drivers/builtin/CMakeFiles/builtin.dir/src/aes.c.obj
[ 16%] Building C object esp-idf/mbedtls/mbedtls/tf-psa-crypto/drivers/builtin/CMakeFiles/builtin.dir/src/aesni.c.obj
[ 16%] Building C object esp-idf/mbedtls/mbedtls/tf-psa-crypto/drivers/builtin/CMakeFiles/builtin.dir/src/aesce.c.obj
[ 16%] Building C object esp-idf/mbedtls/mbedtls/tf-psa-crypto/drivers/builtin/CMakeFiles/builtin.dir/src/bignum_mod.c.obj
[ 16%] Building C object esp-idf/mbedtls/mbedtls/tf-psa-crypto/drivers/builtin/CMakeFiles/builtin.dir/src/bignum.c.obj
[ 16%] Building C object esp-idf/mbedtls/mbedtls/tf-psa-crypto/drivers/builtin/CMakeFiles/builtin.dir/src/bignum_core.c.obj
[ 16%] Building C object esp-idf/mbedtls/mbedtls/tf-psa-crypto/drivers/builtin/CMakeFiles/builtin.dir/src/bignum_mod_raw.c.obj
[ 17%] Building C object esp-idf/mbedtls/mbedtls/tf-psa-crypto/drivers/builtin/CMakeFiles/builtin.dir/src/block_cipher.c.obj
[ 17%] Building C object esp-idf/mbedtls/mbedtls/tf-psa-crypto/drivers/builtin/CMakeFiles/builtin.dir/src/camellia.c.obj
[ 17%] Building C object esp-idf/mbedtls/mbedtls/tf-psa-crypto/drivers/builtin/CMakeFiles/builtin.dir/src/ccm.c.obj
[ 17%] Building C object esp-idf/mbedtls/mbedtls/tf-psa-crypto/drivers/builtin/CMakeFiles/builtin.dir/src/chacha20.c.obj
[ 17%] Building C object esp-idf/mbedtls/mbedtls/tf-psa-crypto/drivers/builtin/CMakeFiles/builtin.dir/src/chacha20_neon.c.obj
[ 17%] Building C object esp-idf/mbedtls/mbedtls/tf-psa-crypto/drivers/builtin/CMakeFiles/builtin.dir/src/chachapoly.c.obj
[ 17%] Building C object esp-idf/mbedtls/mbedtls/tf-psa-crypto/drivers/builtin/CMakeFiles/builtin.dir/src/cipher.c.obj
[ 17%] Building C object esp-idf/mbedtls/mbedtls/tf-psa-crypto/drivers/builtin/CMakeFiles/builtin.dir/src/cipher_wrap.c.obj
[ 17%] Building C object esp-idf/mbedtls/mbedtls/tf-psa-crypto/drivers/builtin/CMakeFiles/builtin.dir/src/cmac.c.obj
[ 17%] Building C object esp-idf/mbedtls/mbedtls/tf-psa-crypto/drivers/builtin/CMakeFiles/builtin.dir/src/ctr_drbg.c.obj
[ 17%] Building C object esp-idf/mbedtls/mbedtls/tf-psa-crypto/drivers/builtin/CMakeFiles/builtin.dir/src/ecdsa.c.obj
[ 17%] Building C object esp-idf/mbedtls/mbedtls/tf-psa-crypto/drivers/builtin/CMakeFiles/builtin.dir/src/ecjpake.c.obj
[ 17%] Building C object esp-idf/mbedtls/mbedtls/tf-psa-crypto/drivers/builtin/CMakeFiles/builtin.dir/src/ecp.c.obj
[ 17%] Building C object esp-idf/mbedtls/mbedtls/tf-psa-crypto/drivers/builtin/CMakeFiles/builtin.dir/src/ecp_curves.c.obj
[ 17%] Building C object esp-idf/mbedtls/mbedtls/tf-psa-crypto/drivers/builtin/CMakeFiles/builtin.dir/src/ecp_curves_new.c.obj
[ 17%] Building C object esp-idf/mbedtls/mbedtls/tf-psa-crypto/drivers/builtin/CMakeFiles/builtin.dir/src/entropy.c.obj
[ 17%] Building C object esp-idf/mbedtls/mbedtls/tf-psa-crypto/drivers/builtin/CMakeFiles/builtin.dir/src/entropy_poll.c.obj
[ 17%] Building C object esp-idf/mbedtls/mbedtls/tf-psa-crypto/drivers/builtin/CMakeFiles/builtin.dir/src/gcm.c.obj
[ 17%] Building C object esp-idf/mbedtls/mbedtls/tf-psa-crypto/drivers/builtin/CMakeFiles/builtin.dir/src/hmac_drbg.c.obj
[ 17%] Building C object esp-idf/mbedtls/mbedtls/tf-psa-crypto/drivers/builtin/CMakeFiles/builtin.dir/src/md5.c.obj
[ 17%] Building C object esp-idf/mbedtls/mbedtls/tf-psa-crypto/drivers/builtin/CMakeFiles/builtin.dir/src/poly1305.c.obj
[ 17%] Building C object esp-idf/mbedtls/mbedtls/tf-psa-crypto/drivers/builtin/CMakeFiles/builtin.dir/src/psa_crypto_cipher.c.obj
[ 17%] Building C object esp-idf/mbedtls/mbedtls/tf-psa-crypto/drivers/builtin/CMakeFiles/builtin.dir/src/psa_crypto_aead.c.obj
[ 17%] Building C object esp-idf/mbedtls/mbedtls/tf-psa-crypto/drivers/builtin/CMakeFiles/builtin.dir/src/psa_crypto_ecp.c.obj
[ 17%] Building C object esp-idf/mbedtls/mbedtls/tf-psa-crypto/drivers/builtin/CMakeFiles/builtin.dir/src/psa_crypto_ffdh.c.obj
[ 17%] Building C object esp-idf/mbedtls/mbedtls/tf-psa-crypto/drivers/builtin/CMakeFiles/builtin.dir/src/psa_crypto_hash.c.obj
[ 18%] Building C object esp-idf/mbedtls/mbedtls/tf-psa-crypto/drivers/builtin/CMakeFiles/builtin.dir/src/psa_crypto_mac.c.obj
[ 18%] Building C object esp-idf/mbedtls/mbedtls/tf-psa-crypto/drivers/builtin/CMakeFiles/builtin.dir/src/psa_crypto_pake.c.obj
[ 18%] Building C object esp-idf/mbedtls/mbedtls/tf-psa-crypto/drivers/builtin/CMakeFiles/builtin.dir/src/psa_crypto_rsa.c.obj
[ 18%] Building C object esp-idf/mbedtls/mbedtls/tf-psa-crypto/drivers/builtin/CMakeFiles/builtin.dir/src/psa_crypto_xof.c.obj
[ 18%] Building C object esp-idf/mbedtls/mbedtls/tf-psa-crypto/drivers/builtin/CMakeFiles/builtin.dir/src/psa_util_internal.c.obj
[ 18%] Building C object esp-idf/mbedtls/mbedtls/tf-psa-crypto/drivers/builtin/CMakeFiles/builtin.dir/src/ripemd160.c.obj
[ 18%] Building C object esp-idf/mbedtls/mbedtls/tf-psa-crypto/drivers/builtin/CMakeFiles/builtin.dir/src/rsa.c.obj
[ 18%] Building C object esp-idf/mbedtls/mbedtls/tf-psa-crypto/drivers/builtin/CMakeFiles/builtin.dir/src/rsa_alt_helpers.c.obj
[ 18%] Building C object esp-idf/mbedtls/mbedtls/tf-psa-crypto/drivers/builtin/CMakeFiles/builtin.dir/src/sha1.c.obj
[ 18%] Building C object esp-idf/mbedtls/mbedtls/tf-psa-crypto/drivers/builtin/CMakeFiles/builtin.dir/src/sha256.c.obj
[ 18%] Building C object esp-idf/mbedtls/mbedtls/tf-psa-crypto/drivers/builtin/CMakeFiles/builtin.dir/src/sha3.c.obj
[ 18%] Building C object esp-idf/mbedtls/mbedtls/tf-psa-crypto/drivers/builtin/CMakeFiles/builtin.dir/src/sha512.c.obj
[ 18%] Linking CXX static library libmbed-builtin.a
[ 18%] Built target builtin
[ 18%] Building C object esp-idf/mbedtls/mbedtls/tf-psa-crypto/drivers/pqcp/CMakeFiles/pqcp.dir/src/wrap_mldsa_native.c.obj
[ 18%] Building C object esp-idf/mbedtls/mbedtls/tf-psa-crypto/drivers/pqcp/CMakeFiles/pqcp.dir/src/psa_crypto_mldsa.c.obj
[ 18%] Linking CXX static library libpqcp.a
[ 18%] Built target pqcp
[ 18%] Building C object esp-idf/mbedtls/mbedtls/tf-psa-crypto/extras/CMakeFiles/extras.dir/lmots.c.obj
[ 18%] Building C object esp-idf/mbedtls/mbedtls/tf-psa-crypto/extras/CMakeFiles/extras.dir/lms.c.obj
[ 18%] Building C object esp-idf/mbedtls/mbedtls/tf-psa-crypto/extras/CMakeFiles/extras.dir/nist_kw.c.obj
[ 18%] Building C object esp-idf/mbedtls/mbedtls/tf-psa-crypto/extras/CMakeFiles/extras.dir/md.c.obj
[ 18%] Building C object esp-idf/mbedtls/mbedtls/tf-psa-crypto/extras/CMakeFiles/extras.dir/pk.c.obj
[ 18%] Building C object esp-idf/mbedtls/mbedtls/tf-psa-crypto/extras/CMakeFiles/extras.dir/pk_ecc.c.obj
[ 18%] Building C object esp-idf/mbedtls/mbedtls/tf-psa-crypto/extras/CMakeFiles/extras.dir/pk_rsa.c.obj
[ 18%] Building C object esp-idf/mbedtls/mbedtls/tf-psa-crypto/extras/CMakeFiles/extras.dir/pk_wrap.c.obj
[ 18%] Building C object esp-idf/mbedtls/mbedtls/tf-psa-crypto/extras/CMakeFiles/extras.dir/pkparse.c.obj
[ 18%] Building C object esp-idf/mbedtls/mbedtls/tf-psa-crypto/extras/CMakeFiles/extras.dir/pkwrite.c.obj
[ 18%] Linking CXX static library libextras.a
[ 18%] Built target extras
[ 18%] Building C object esp-idf/mbedtls/mbedtls/tf-psa-crypto/platform/CMakeFiles/platform.dir/memory_buffer_alloc.c.obj
[ 18%] Building C object esp-idf/mbedtls/mbedtls/tf-psa-crypto/platform/CMakeFiles/platform.dir/platform_util.c.obj
[ 18%] Building C object esp-idf/mbedtls/mbedtls/tf-psa-crypto/platform/CMakeFiles/platform.dir/threading.c.obj
[ 18%] Building C object esp-idf/mbedtls/mbedtls/tf-psa-crypto/platform/CMakeFiles/platform.dir/platform.c.obj
[ 19%] Linking CXX static library libplatform.a
[ 19%] Built target platform
[ 19%] Building C object esp-idf/mbedtls/mbedtls/tf-psa-crypto/utilities/CMakeFiles/utilities.dir/asn1parse.c.obj
[ 19%] Building C object esp-idf/mbedtls/mbedtls/tf-psa-crypto/utilities/CMakeFiles/utilities.dir/constant_time.c.obj
[ 19%] Building C object esp-idf/mbedtls/mbedtls/tf-psa-crypto/utilities/CMakeFiles/utilities.dir/base64.c.obj
[ 19%] Building C object esp-idf/mbedtls/mbedtls/tf-psa-crypto/utilities/CMakeFiles/utilities.dir/asn1write.c.obj
[ 19%] Building C object esp-idf/mbedtls/mbedtls/tf-psa-crypto/utilities/CMakeFiles/utilities.dir/oid.c.obj
[ 19%] Building C object esp-idf/mbedtls/mbedtls/tf-psa-crypto/utilities/CMakeFiles/utilities.dir/pem.c.obj
[ 19%] Building C object esp-idf/mbedtls/mbedtls/tf-psa-crypto/utilities/CMakeFiles/utilities.dir/pkcs5.c.obj
[ 20%] Linking CXX static library libutilities.a
[ 20%] Built target utilities
[ 20%] Building C object esp-idf/mbedtls/mbedtls/tf-psa-crypto/core/CMakeFiles/tfpsacrypto.dir/psa_crypto_random.c.obj
[ 20%] Building C object esp-idf/mbedtls/mbedtls/tf-psa-crypto/core/CMakeFiles/tfpsacrypto.dir/psa_crypto.c.obj
[ 20%] Building C object esp-idf/mbedtls/mbedtls/tf-psa-crypto/core/CMakeFiles/tfpsacrypto.dir/psa_crypto_client.c.obj
[ 20%] Building C object esp-idf/mbedtls/mbedtls/tf-psa-crypto/core/CMakeFiles/tfpsacrypto.dir/psa_crypto_slot_management.c.obj
[ 20%] Building C object esp-idf/mbedtls/mbedtls/tf-psa-crypto/core/CMakeFiles/tfpsacrypto.dir/psa_crypto_storage.c.obj
[ 20%] Building C object esp-idf/mbedtls/mbedtls/tf-psa-crypto/core/CMakeFiles/tfpsacrypto.dir/psa_its_file.c.obj
[ 20%] Building C object esp-idf/mbedtls/mbedtls/tf-psa-crypto/core/CMakeFiles/tfpsacrypto.dir/psa_util.c.obj
[ 20%] Building C object esp-idf/mbedtls/mbedtls/tf-psa-crypto/core/CMakeFiles/tfpsacrypto.dir/tf_psa_crypto_config.c.obj
[ 20%] Building C object esp-idf/mbedtls/mbedtls/tf-psa-crypto/core/CMakeFiles/tfpsacrypto.dir/tf_psa_crypto_version.c.obj
[ 20%] Building C object esp-idf/mbedtls/mbedtls/tf-psa-crypto/core/CMakeFiles/tfpsacrypto.dir/psa_crypto_driver_wrappers_no_static.c.obj
[ 20%] Building C object esp-idf/mbedtls/mbedtls/tf-psa-crypto/core/CMakeFiles/tfpsacrypto.dir/home/codespace/esp/esp-idf/components/mbedtls/port/psa_crypto_storage/esp_psa_its.c.obj
[ 20%] Building C object esp-idf/mbedtls/mbedtls/tf-psa-crypto/core/CMakeFiles/tfpsacrypto.dir/home/codespace/esp/esp-idf/components/mbedtls/port/sha/core/esp_sha_gdma_impl.c.obj
[ 20%] Building C object esp-idf/mbedtls/mbedtls/tf-psa-crypto/core/CMakeFiles/tfpsacrypto.dir/home/codespace/esp/esp-idf/components/mbedtls/port/aes/dma/esp_aes_gdma_impl.c.obj
[ 20%] Building C object esp-idf/mbedtls/mbedtls/tf-psa-crypto/core/CMakeFiles/tfpsacrypto.dir/home/codespace/esp/esp-idf/components/mbedtls/port/aes/dma/esp_aes_dma_core.c.obj
[ 20%] Building C object esp-idf/mbedtls/mbedtls/tf-psa-crypto/core/CMakeFiles/tfpsacrypto.dir/home/codespace/esp/esp-idf/components/mbedtls/port/crypto_shared_gdma/esp_crypto_shared_gdma.c.obj
[ 20%] Building C object esp-idf/mbedtls/mbedtls/tf-psa-crypto/core/CMakeFiles/tfpsacrypto.dir/home/codespace/esp/esp-idf/components/mbedtls/port/esp_hardware.c.obj
[ 20%] Building C object esp-idf/mbedtls/mbedtls/tf-psa-crypto/core/CMakeFiles/tfpsacrypto.dir/home/codespace/esp/esp-idf/components/mbedtls/port/aes/esp_aes_xts.c.obj
[ 20%] Building C object esp-idf/mbedtls/mbedtls/tf-psa-crypto/core/CMakeFiles/tfpsacrypto.dir/home/codespace/esp/esp-idf/components/mbedtls/port/aes/esp_aes_common.c.obj
[ 20%] Building C object esp-idf/mbedtls/mbedtls/tf-psa-crypto/core/CMakeFiles/tfpsacrypto.dir/home/codespace/esp/esp-idf/components/mbedtls/port/aes/esp_aes.c.obj
[ 20%] Building C object esp-idf/mbedtls/mbedtls/tf-psa-crypto/core/CMakeFiles/tfpsacrypto.dir/home/codespace/esp/esp-idf/components/mbedtls/port/aes/esp_aes_gcm.c.obj
[ 21%] Building C object esp-idf/mbedtls/mbedtls/tf-psa-crypto/core/CMakeFiles/tfpsacrypto.dir/home/codespace/esp/esp-idf/components/mbedtls/port/psa_driver/esp_sha/psa_crypto_driver_esp_sha.c.obj
[ 21%] Building C object esp-idf/mbedtls/mbedtls/tf-psa-crypto/core/CMakeFiles/tfpsacrypto.dir/home/codespace/esp/esp-idf/components/mbedtls/port/psa_driver/esp_sha/core/psa_crypto_driver_esp_sha512.c.obj
[ 21%] Building C object esp-idf/mbedtls/mbedtls/tf-psa-crypto/core/CMakeFiles/tfpsacrypto.dir/home/codespace/esp/esp-idf/components/mbedtls/port/sha/esp_sha.c.obj
[ 21%] Building C object esp-idf/mbedtls/mbedtls/tf-psa-crypto/core/CMakeFiles/tfpsacrypto.dir/home/codespace/esp/esp-idf/components/mbedtls/port/psa_driver/esp_mac/psa_crypto_driver_esp_hmac_transparent.c.obj
[ 21%] Building C object esp-idf/mbedtls/mbedtls/tf-psa-crypto/core/CMakeFiles/tfpsacrypto.dir/home/codespace/esp/esp-idf/components/mbedtls/port/psa_driver/esp_sha/core/psa_crypto_driver_esp_sha1.c.obj
[ 21%] Building C object esp-idf/mbedtls/mbedtls/tf-psa-crypto/core/CMakeFiles/tfpsacrypto.dir/home/codespace/esp/esp-idf/components/mbedtls/port/psa_driver/esp_sha/core/psa_crypto_driver_esp_sha256.c.obj
[ 21%] Building C object esp-idf/mbedtls/mbedtls/tf-psa-crypto/core/CMakeFiles/tfpsacrypto.dir/home/codespace/esp/esp-idf/components/mbedtls/port/sha/core/sha.c.obj
[ 21%] Building C object esp-idf/mbedtls/mbedtls/tf-psa-crypto/core/CMakeFiles/tfpsacrypto.dir/home/codespace/esp/esp-idf/components/mbedtls/port/psa_driver/esp_md/psa_crypto_driver_esp_md5.c.obj
[ 21%] Building C object esp-idf/mbedtls/mbedtls/tf-psa-crypto/core/CMakeFiles/tfpsacrypto.dir/home/codespace/esp/esp-idf/components/mbedtls/port/psa_driver/esp_mac/psa_crypto_driver_esp_hmac_opaque.c.obj
[ 21%] Building C object esp-idf/mbedtls/mbedtls/tf-psa-crypto/core/CMakeFiles/tfpsacrypto.dir/home/codespace/esp/esp-idf/components/mbedtls/port/psa_driver/esp_rsa_ds/psa_crypto_driver_esp_rsa_ds.c.obj
[ 21%] Building C object esp-idf/mbedtls/mbedtls/tf-psa-crypto/core/CMakeFiles/tfpsacrypto.dir/home/codespace/esp/esp-idf/components/mbedtls/port/psa_driver/esp_rsa_ds/psa_crypto_driver_esp_rsa_ds_utilities.c.obj
[ 21%] Building C object esp-idf/mbedtls/mbedtls/tf-psa-crypto/core/CMakeFiles/tfpsacrypto.dir/home/codespace/esp/esp-idf/components/mbedtls/port/esp_hmac_pbkdf2.c.obj
[ 21%] Building C object esp-idf/mbedtls/mbedtls/tf-psa-crypto/core/CMakeFiles/tfpsacrypto.dir/home/codespace/esp/esp-idf/components/mbedtls/port/bignum/esp_bignum.c.obj
[ 21%] Building C object esp-idf/mbedtls/mbedtls/tf-psa-crypto/core/CMakeFiles/tfpsacrypto.dir/home/codespace/esp/esp-idf/components/mbedtls/port/bignum/bignum_alt.c.obj
[ 21%] Building C object esp-idf/mbedtls/mbedtls/tf-psa-crypto/core/CMakeFiles/tfpsacrypto.dir/home/codespace/esp/esp-idf/components/mbedtls/port/psa_driver/esp_aes/psa_crypto_driver_esp_aes.c.obj
[ 21%] Building C object esp-idf/mbedtls/mbedtls/tf-psa-crypto/core/CMakeFiles/tfpsacrypto.dir/home/codespace/esp/esp-idf/components/mbedtls/port/psa_driver/esp_aes/psa_crypto_driver_esp_aes_gcm.c.obj
[ 21%] Building C object esp-idf/mbedtls/mbedtls/tf-psa-crypto/core/CMakeFiles/tfpsacrypto.dir/home/codespace/esp/esp-idf/components/mbedtls/port/psa_driver/esp_mac/psa_crypto_driver_esp_cmac.c.obj
[ 21%] Linking CXX static library libtfpsacrypto.a
[ 21%] Built target tfpsacrypto
[ 21%] Building C object esp-idf/mbedtls/mbedtls/library/CMakeFiles/mbedtls.dir/debug.c.obj
[ 21%] Building C object esp-idf/mbedtls/mbedtls/library/CMakeFiles/mbedtls.dir/mps_reader.c.obj
[ 21%] Building C object esp-idf/mbedtls/mbedtls/library/CMakeFiles/mbedtls.dir/mps_trace.c.obj
[ 21%] Building C object esp-idf/mbedtls/mbedtls/library/CMakeFiles/mbedtls.dir/ssl_cache.c.obj
[ 21%] Building C object esp-idf/mbedtls/mbedtls/library/CMakeFiles/mbedtls.dir/ssl_ciphersuites.c.obj
[ 21%] Building C object esp-idf/mbedtls/mbedtls/library/CMakeFiles/mbedtls.dir/ssl_cookie.c.obj
[ 21%] Building C object esp-idf/mbedtls/mbedtls/library/CMakeFiles/mbedtls.dir/ssl_client.c.obj
[ 21%] Building C object esp-idf/mbedtls/mbedtls/library/CMakeFiles/mbedtls.dir/ssl_debug_helpers_generated.c.obj
[ 21%] Building C object esp-idf/mbedtls/mbedtls/library/CMakeFiles/mbedtls.dir/ssl_msg.c.obj
[ 21%] Building C object esp-idf/mbedtls/mbedtls/library/CMakeFiles/mbedtls.dir/ssl_ticket.c.obj
[ 21%] Building C object esp-idf/mbedtls/mbedtls/library/CMakeFiles/mbedtls.dir/ssl_tls.c.obj
[ 21%] Building C object esp-idf/mbedtls/mbedtls/library/CMakeFiles/mbedtls.dir/ssl_tls12_client.c.obj
[ 21%] Building C object esp-idf/mbedtls/mbedtls/library/CMakeFiles/mbedtls.dir/ssl_tls12_server.c.obj
[ 21%] Building C object esp-idf/mbedtls/mbedtls/library/CMakeFiles/mbedtls.dir/ssl_tls13_keys.c.obj
[ 21%] Building C object esp-idf/mbedtls/mbedtls/library/CMakeFiles/mbedtls.dir/ssl_tls13_server.c.obj
[ 21%] Building C object esp-idf/mbedtls/mbedtls/library/CMakeFiles/mbedtls.dir/ssl_tls13_client.c.obj
[ 21%] Building C object esp-idf/mbedtls/mbedtls/library/CMakeFiles/mbedtls.dir/ssl_tls13_generic.c.obj
[ 21%] Building C object esp-idf/mbedtls/mbedtls/library/CMakeFiles/mbedtls.dir/timing.c.obj
[ 21%] Building C object esp-idf/mbedtls/mbedtls/library/CMakeFiles/mbedtls.dir/version.c.obj
[ 21%] Building C object esp-idf/mbedtls/mbedtls/library/CMakeFiles/mbedtls.dir/version_features.c.obj
[ 21%] Building C object esp-idf/mbedtls/mbedtls/library/CMakeFiles/mbedtls.dir/home/codespace/esp/esp-idf/components/mbedtls/port/mbedtls_debug.c.obj
[ 21%] Building C object esp-idf/mbedtls/mbedtls/library/CMakeFiles/mbedtls.dir/home/codespace/esp/esp-idf/components/mbedtls/port/esp_platform_time.c.obj
[ 21%] Building C object esp-idf/mbedtls/mbedtls/library/CMakeFiles/mbedtls.dir/home/codespace/esp/esp-idf/components/mbedtls/port/esp_timing.c.obj
[ 21%] Building C object esp-idf/mbedtls/mbedtls/library/CMakeFiles/mbedtls.dir/home/codespace/esp/esp-idf/components/mbedtls/port/esp_psa_crypto_init.c.obj
[ 22%] Building C object esp-idf/mbedtls/mbedtls/library/CMakeFiles/mbedtls.dir/home/codespace/esp/esp-idf/components/mbedtls/port/net_sockets.c.obj
[ 22%] Linking CXX static library libmbedtls.a
[ 22%] Built target mbedtls
[ 22%] Building C object esp-idf/mbedtls/mbedtls/library/CMakeFiles/mbedx509.dir/error.c.obj
[ 22%] Building C object esp-idf/mbedtls/mbedtls/library/CMakeFiles/mbedx509.dir/mbedtls_config.c.obj
[ 22%] Building C object esp-idf/mbedtls/mbedtls/library/CMakeFiles/mbedx509.dir/x509.c.obj
[ 22%] Building C object esp-idf/mbedtls/mbedtls/library/CMakeFiles/mbedx509.dir/pkcs7.c.obj
[ 22%] Building C object esp-idf/mbedtls/mbedtls/library/CMakeFiles/mbedx509.dir/x509_create.c.obj
[ 22%] Building C object esp-idf/mbedtls/mbedtls/library/CMakeFiles/mbedx509.dir/x509_crl.c.obj
[ 22%] Building C object esp-idf/mbedtls/mbedtls/library/CMakeFiles/mbedx509.dir/x509_crt.c.obj
[ 22%] Building C object esp-idf/mbedtls/mbedtls/library/CMakeFiles/mbedx509.dir/x509_csr.c.obj
[ 22%] Building C object esp-idf/mbedtls/mbedtls/library/CMakeFiles/mbedx509.dir/x509_oid.c.obj
[ 22%] Building C object esp-idf/mbedtls/mbedtls/library/CMakeFiles/mbedx509.dir/x509write.c.obj
[ 22%] Building C object esp-idf/mbedtls/mbedtls/library/CMakeFiles/mbedx509.dir/x509write_crt.c.obj
[ 22%] Building C object esp-idf/mbedtls/mbedtls/library/CMakeFiles/mbedx509.dir/x509write_csr.c.obj
[ 22%] Linking CXX static library libmbedx509.a
[ 22%] Built target mbedx509
[ 22%] Generating x509_crt_bundle
[ 22%] Generating ../../x509_crt_bundle.S
[ 22%] Building C object esp-idf/mbedtls/CMakeFiles/__idf_mbedtls.dir/port/esp_mem.c.obj
[ 23%] Building C object esp-idf/mbedtls/CMakeFiles/__idf_mbedtls.dir/port/psa_crypto_storage/esp_psa_key_file.c.obj
[ 23%] Building C object esp-idf/mbedtls/CMakeFiles/__idf_mbedtls.dir/esp_crt_bundle/esp_crt_bundle.c.obj
[ 23%] Building ASM object esp-idf/mbedtls/CMakeFiles/__idf_mbedtls.dir/__/__/x509_crt_bundle.S.obj
[ 23%] Linking C static library libmbedtls.a
[ 23%] Built target __idf_mbedtls
[ 23%] Building C object esp-idf/esp_driver_dma/CMakeFiles/__idf_esp_driver_dma.dir/src/gdma_link.c.obj
[ 23%] Building C object esp-idf/esp_driver_dma/CMakeFiles/__idf_esp_driver_dma.dir/src/esp_dma_utils.c.obj
[ 23%] Building C object esp-idf/esp_driver_dma/CMakeFiles/__idf_esp_driver_dma.dir/src/gdma.c.obj
[ 23%] Building C object esp-idf/esp_driver_dma/CMakeFiles/__idf_esp_driver_dma.dir/src/esp_async_memcpy.c.obj
[ 23%] Building C object esp-idf/esp_driver_dma/CMakeFiles/__idf_esp_driver_dma.dir/src/async_memcpy_gdma.c.obj
[ 23%] Linking C static library libesp_driver_dma.a
[ 23%] Built target __idf_esp_driver_dma
[ 23%] Building C object esp-idf/esp_mm/CMakeFiles/__idf_esp_mm.dir/port/esp32s3/ext_mem_layout.c.obj
[ 24%] Building C object esp-idf/esp_mm/CMakeFiles/__idf_esp_mm.dir/esp_cache_msync.c.obj
[ 24%] Building C object esp-idf/esp_mm/CMakeFiles/__idf_esp_mm.dir/esp_cache_utils.c.obj
[ 24%] Building C object esp-idf/esp_mm/CMakeFiles/__idf_esp_mm.dir/esp_mmu_map.c.obj
[ 24%] Linking C static library libesp_mm.a
[ 24%] Built target __idf_esp_mm
[ 24%] Building C object esp-idf/esp_pm/CMakeFiles/__idf_esp_pm.dir/pm_trace.c.obj
[ 25%] Building C object esp-idf/esp_pm/CMakeFiles/__idf_esp_pm.dir/pm_locks.c.obj
[ 25%] Building C object esp-idf/esp_pm/CMakeFiles/__idf_esp_pm.dir/pm_impl.c.obj
[ 25%] Linking C static library libesp_pm.a
[ 25%] Built target __idf_esp_pm
[ 25%] Building C object esp-idf/esp_hal_uart/CMakeFiles/__idf_esp_hal_uart.dir/esp32s3/uart_periph.c.obj
[ 25%] Building C object esp-idf/esp_hal_uart/CMakeFiles/__idf_esp_hal_uart.dir/uart_hal_iram.c.obj
[ 25%] Building C object esp-idf/esp_hal_uart/CMakeFiles/__idf_esp_hal_uart.dir/uart_hal.c.obj
[ 25%] Building C object esp-idf/esp_hal_uart/CMakeFiles/__idf_esp_hal_uart.dir/uhci_hal.c.obj
[ 25%] Linking C static library libesp_hal_uart.a
[ 25%] Built target __idf_esp_hal_uart
[ 25%] Building C object esp-idf/esp_driver_gpio/CMakeFiles/__idf_esp_driver_gpio.dir/src/rtc_io.c.obj
[ 25%] Building C object esp-idf/esp_driver_gpio/CMakeFiles/__idf_esp_driver_gpio.dir/src/gpio_glitch_filter_ops.c.obj
[ 25%] Building C object esp-idf/esp_driver_gpio/CMakeFiles/__idf_esp_driver_gpio.dir/src/gpio.c.obj
[ 25%] Building C object esp-idf/esp_driver_gpio/CMakeFiles/__idf_esp_driver_gpio.dir/src/dedic_gpio.c.obj
[ 25%] Building C object esp-idf/esp_driver_gpio/CMakeFiles/__idf_esp_driver_gpio.dir/src/gpio_pin_glitch_filter.c.obj
[ 25%] Linking C static library libesp_driver_gpio.a
[ 25%] Built target __idf_esp_driver_gpio
[ 25%] Extracting error codes for esp_security
[ 25%] Generating error code table for esp_security
[ 26%] Building C object esp-idf/esp_security/CMakeFiles/__idf_esp_security.dir/src/esp_ds.c.obj
[ 26%] Building C object esp-idf/esp_security/CMakeFiles/__idf_esp_security.dir/src/init.c.obj
[ 26%] Building C object esp-idf/esp_security/CMakeFiles/__idf_esp_security.dir/src/esp_crypto_lock.c.obj
[ 26%] Building C object esp-idf/esp_security/CMakeFiles/__idf_esp_security.dir/src/esp_hmac.c.obj
[ 26%] Building C object esp-idf/esp_security/CMakeFiles/__idf_esp_security.dir/src/esp_crypto_periph_clk.c.obj
[ 26%] Building C object esp-idf/esp_security/CMakeFiles/__idf_esp_security.dir/src/esp32s3/esp_crypto_clk.c.obj
[ 26%] Building C object esp-idf/esp_security/CMakeFiles/__idf_esp_security.dir/__/__/esp_err_codes/esp_security_esp_err_codes.c.obj
[ 26%] Linking C static library libesp_security.a
[ 26%] Built target __idf_esp_security
[ 26%] Extracting error codes for efuse
[ 26%] Generating error code table for efuse
[ 26%] Building C object esp-idf/efuse/CMakeFiles/__idf_efuse.dir/esp32s3/esp_efuse_table.c.obj
[ 26%] Building C object esp-idf/efuse/CMakeFiles/__idf_efuse.dir/esp32s3/esp_efuse_rtc_calib.c.obj
[ 26%] Building C object esp-idf/efuse/CMakeFiles/__idf_efuse.dir/esp32s3/esp_efuse_utility.c.obj
[ 26%] Building C object esp-idf/efuse/CMakeFiles/__idf_efuse.dir/esp32s3/esp_efuse_fields.c.obj
[ 26%] Building C object esp-idf/efuse/CMakeFiles/__idf_efuse.dir/src/esp_efuse_api.c.obj
[ 26%] Building C object esp-idf/efuse/CMakeFiles/__idf_efuse.dir/src/esp_efuse_dump.c.obj
[ 26%] Building C object esp-idf/efuse/CMakeFiles/__idf_efuse.dir/src/esp_efuse_fields.c.obj
[ 26%] Building C object esp-idf/efuse/CMakeFiles/__idf_efuse.dir/src/esp_efuse_utility.c.obj
[ 26%] Building C object esp-idf/efuse/CMakeFiles/__idf_efuse.dir/src/efuse_controller/keys/with_key_purposes/esp_efuse_api_key.c.obj
[ 26%] Building C object esp-idf/efuse/CMakeFiles/__idf_efuse.dir/src/esp_efuse_startup.c.obj
[ 26%] Building C object esp-idf/efuse/CMakeFiles/__idf_efuse.dir/__/__/esp_err_codes/efuse_esp_err_codes.c.obj
[ 26%] Linking C static library libefuse.a
[ 26%] Built target __idf_efuse
[ 26%] Building C object esp-idf/esp_partition/CMakeFiles/__idf_esp_partition.dir/partition.c.obj
[ 26%] Building C object esp-idf/esp_partition/CMakeFiles/__idf_esp_partition.dir/partition_target.c.obj
[ 26%] Linking C static library libesp_partition.a
[ 26%] Built target __idf_esp_partition
[ 26%] Extracting error codes for app_update
[ 26%] Generating error code table for app_update
[ 26%] Building C object esp-idf/app_update/CMakeFiles/__idf_app_update.dir/__/__/esp_err_codes/app_update_esp_err_codes.c.obj
[ 26%] Building C object esp-idf/app_update/CMakeFiles/__idf_app_update.dir/esp_ota_ops.c.obj
[ 26%] Linking C static library libapp_update.a
[ 26%] Built target __idf_app_update
[ 26%] Building C object esp-idf/esp_app_format/CMakeFiles/__idf_esp_app_format.dir/esp_app_desc.c.obj
[ 26%] Linking C static library libesp_app_format.a
[ 26%] Built target __idf_esp_app_format
[ 26%] Building C object esp-idf/esp_hal_security/CMakeFiles/__idf_esp_hal_security.dir/sha_hal.c.obj
[ 26%] Building C object esp-idf/esp_hal_security/CMakeFiles/__idf_esp_hal_security.dir/aes_hal.c.obj
[ 26%] Building C object esp-idf/esp_hal_security/CMakeFiles/__idf_esp_hal_security.dir/mpi_hal.c.obj
[ 26%] Building C object esp-idf/esp_hal_security/CMakeFiles/__idf_esp_hal_security.dir/hmac_hal.c.obj
[ 26%] Building C object esp-idf/esp_hal_security/CMakeFiles/__idf_esp_hal_security.dir/ds_hal.c.obj
[ 26%] Building C object esp-idf/esp_hal_security/CMakeFiles/__idf_esp_hal_security.dir/mpu_hal.c.obj
[ 26%] Linking C static library libesp_hal_security.a
[ 26%] Built target __idf_esp_hal_security
[ 26%] Building C object esp-idf/esp_hal_mspi/CMakeFiles/__idf_esp_hal_mspi.dir/spi_flash_hal_gpspi.c.obj
[ 26%] Building C object esp-idf/esp_hal_mspi/CMakeFiles/__idf_esp_hal_mspi.dir/spi_flash_encrypt_hal_iram.c.obj
[ 26%] Building C object esp-idf/esp_hal_mspi/CMakeFiles/__idf_esp_hal_mspi.dir/spi_flash_hal_iram.c.obj
[ 26%] Building C object esp-idf/esp_hal_mspi/CMakeFiles/__idf_esp_hal_mspi.dir/spi_flash_hal.c.obj
[ 27%] Building C object esp-idf/esp_hal_mspi/CMakeFiles/__idf_esp_hal_mspi.dir/esp32s3/mspi_periph.c.obj
[ 27%] Linking C static library libesp_hal_mspi.a
[ 27%] Built target __idf_esp_hal_mspi
[ 27%] Building C object esp-idf/esp_hal_clock/CMakeFiles/__idf_esp_hal_clock.dir/esp32s3/clk_tree_hal.c.obj
[ 27%] Linking C static library libesp_hal_clock.a
[ 27%] Built target __idf_esp_hal_clock
[ 28%] Building C object esp-idf/esp_hal_gpspi/CMakeFiles/__idf_esp_hal_gpspi.dir/spi_hal_iram.c.obj
[ 28%] Building C object esp-idf/esp_hal_gpspi/CMakeFiles/__idf_esp_hal_gpspi.dir/spi_hal.c.obj
[ 28%] Building C object esp-idf/esp_hal_gpspi/CMakeFiles/__idf_esp_hal_gpspi.dir/esp32s3/spi_periph.c.obj
[ 28%] Building C object esp-idf/esp_hal_gpspi/CMakeFiles/__idf_esp_hal_gpspi.dir/spi_slave_hal.c.obj
[ 28%] Building C object esp-idf/esp_hal_gpspi/CMakeFiles/__idf_esp_hal_gpspi.dir/spi_slave_hal_iram.c.obj
[ 28%] Building C object esp-idf/esp_hal_gpspi/CMakeFiles/__idf_esp_hal_gpspi.dir/spi_slave_hd_hal.c.obj
[ 28%] Linking C static library libesp_hal_gpspi.a
[ 28%] Built target __idf_esp_hal_gpspi
[ 28%] Building C object esp-idf/esp_hal_dma/CMakeFiles/__idf_esp_hal_dma.dir/esp32s3/gdma_periph.c.obj
[ 28%] Building C object esp-idf/esp_hal_dma/CMakeFiles/__idf_esp_hal_dma.dir/gdma_hal_top.c.obj
[ 28%] Building C object esp-idf/esp_hal_dma/CMakeFiles/__idf_esp_hal_dma.dir/gdma_hal_ahb_v1.c.obj
[ 28%] Linking C static library libesp_hal_dma.a
[ 28%] Built target __idf_esp_hal_dma
[ 28%] Building C object esp-idf/esp_stdio/CMakeFiles/__idf_esp_stdio.dir/stdio_vfs.c.obj
[ 28%] Building C object esp-idf/esp_stdio/CMakeFiles/__idf_esp_stdio.dir/stdio_port.c.obj
[ 28%] Building C object esp-idf/esp_stdio/CMakeFiles/__idf_esp_stdio.dir/stdio_syscalls_simple.c.obj
[ 28%] Building C object esp-idf/esp_stdio/CMakeFiles/__idf_esp_stdio.dir/stdio_simple.c.obj
[ 28%] Linking C static library libesp_stdio.a
[ 28%] Built target __idf_esp_stdio
[ 28%] Building C object esp-idf/xtensa/CMakeFiles/__idf_xtensa.dir/xt_trax.c.obj
[ 28%] Building ASM object esp-idf/xtensa/CMakeFiles/__idf_xtensa.dir/xtensa_context.S.obj
[ 28%] Building ASM object esp-idf/xtensa/CMakeFiles/__idf_xtensa.dir/xtensa_intr_asm.S.obj
[ 28%] Building C object esp-idf/xtensa/CMakeFiles/__idf_xtensa.dir/eri.c.obj
[ 28%] Building C object esp-idf/xtensa/CMakeFiles/__idf_xtensa.dir/xtensa_intr.c.obj
[ 28%] Building ASM object esp-idf/xtensa/CMakeFiles/__idf_xtensa.dir/xtensa_vectors.S.obj
[ 28%] Linking C static library libxtensa.a
[ 28%] Built target __idf_xtensa
[ 28%] Building C object esp-idf/esp_event/CMakeFiles/__idf_esp_event.dir/default_event_loop.c.obj
[ 28%] Building C object esp-idf/esp_driver_spi/CMakeFiles/__idf_esp_driver_spi.dir/src/gpspi/spi_common.c.obj
[ 28%] Building C object esp-idf/heatshrink/CMakeFiles/__idf_heatshrink.dir/heatshrink_decoder.c.obj
[ 28%] Building C object esp-idf/esp_gdbstub/CMakeFiles/__idf_esp_gdbstub.dir/src/gdbstub.c.obj
[ 28%] Building C object esp-idf/heatshrink/CMakeFiles/__idf_heatshrink.dir/heatshrink_encoder.c.obj
[ 28%] Building C object esp-idf/esp_event/CMakeFiles/__idf_esp_event.dir/esp_event.c.obj
[ 28%] Building C object esp-idf/esp_gdbstub/CMakeFiles/__idf_esp_gdbstub.dir/src/gdbstub_transport.c.obj
[ 28%] Linking C static library libheatshrink.a
[ 28%] Built target __idf_heatshrink
[ 28%] Building C object esp-idf/esp_event/CMakeFiles/__idf_esp_event.dir/esp_event_private.c.obj
[ 28%] Building C object esp-idf/esp_gdbstub/CMakeFiles/__idf_esp_gdbstub.dir/src/packet.c.obj
[ 28%] Building C object esp-idf/esp_driver_spi/CMakeFiles/__idf_esp_driver_spi.dir/src/gpspi/spi_master.c.obj
[ 28%] Building C object esp-idf/esp_driver_spi/CMakeFiles/__idf_esp_driver_spi.dir/src/gpspi/spi_slave.c.obj
[ 28%] Linking C static library libesp_event.a
[ 28%] Building C object esp-idf/esp_gdbstub/CMakeFiles/__idf_esp_gdbstub.dir/src/port/xtensa/gdbstub_xtensa.c.obj
[ 28%] Built target __idf_esp_event
[ 28%] Building C object esp-idf/esp_hal_i2c/CMakeFiles/__idf_esp_hal_i2c.dir/i2c_hal.c.obj
[ 28%] Building ASM object esp-idf/esp_gdbstub/CMakeFiles/__idf_esp_gdbstub.dir/src/port/xtensa/gdbstub-entry.S.obj
[ 28%] Building ASM object esp-idf/esp_gdbstub/CMakeFiles/__idf_esp_gdbstub.dir/src/port/xtensa/xt_debugexception.S.obj
[ 29%] Linking C static library libesp_gdbstub.a
[ 29%] Built target __idf_esp_gdbstub
[ 29%] Building C object esp-idf/esp_hal_i2c/CMakeFiles/__idf_esp_hal_i2c.dir/i2c_hal_iram.c.obj
[ 29%] Building C object esp-idf/esp_hal_twai/CMakeFiles/__idf_esp_hal_twai.dir/esp32s3/twai_periph.c.obj
[ 29%] Building C object esp-idf/esp_hal_twai/CMakeFiles/__idf_esp_hal_twai.dir/twai_hal_v1.c.obj
[ 29%] Building C object esp-idf/esp_driver_spi/CMakeFiles/__idf_esp_driver_spi.dir/src/gpspi/spi_slave_hd.c.obj
[ 29%] Building C object esp-idf/esp_hal_i2c/CMakeFiles/__idf_esp_hal_i2c.dir/esp32s3/i2c_periph.c.obj
[ 29%] Linking C static library libesp_hal_i2c.a
[ 29%] Built target __idf_esp_hal_i2c
[ 29%] Building C object esp-idf/esp_adc/CMakeFiles/__idf_esp_adc.dir/adc_oneshot.c.obj
[ 29%] Building C object esp-idf/esp_hal_i2s/CMakeFiles/__idf_esp_hal_i2s.dir/i2s_hal.c.obj
[ 29%] Linking C static library libesp_hal_twai.a
[ 29%] Built target __idf_esp_hal_twai
[ 29%] Building C object esp-idf/esp_hal_rmt/CMakeFiles/__idf_esp_hal_rmt.dir/rmt_hal.c.obj
[ 29%] Linking C static library libesp_driver_spi.a
[ 29%] Building C object esp-idf/esp_hal_i2s/CMakeFiles/__idf_esp_hal_i2s.dir/esp32s3/i2s_periph.c.obj
[ 29%] Building C object esp-idf/esp_hal_rmt/CMakeFiles/__idf_esp_hal_rmt.dir/esp32s3/rmt_periph.c.obj
[ 29%] Linking C static library libesp_hal_rmt.a
[ 29%] Building C object esp-idf/esp_adc/CMakeFiles/__idf_esp_adc.dir/adc_common.c.obj
[ 29%] Built target __idf_esp_driver_spi
[ 29%] Linking C static library libesp_hal_i2s.a
[ 29%] Building C object esp-idf/esp_hal_sd/CMakeFiles/__idf_esp_hal_sd.dir/sdmmc_hal.c.obj
[ 29%] Built target __idf_esp_hal_rmt
[ 29%] Built target __idf_esp_hal_i2s
[ 29%] Building CXX object esp-idf/wear_levelling/CMakeFiles/__idf_wear_levelling.dir/Partition.cpp.obj
[ 29%] Building C object esp-idf/nanopb/CMakeFiles/__idf_nanopb.dir/pb_common.c.obj
[ 29%] Building C object esp-idf/esp_hal_sd/CMakeFiles/__idf_esp_hal_sd.dir/esp32s3/sdmmc_periph.c.obj
[ 29%] Building C object esp-idf/esp_adc/CMakeFiles/__idf_esp_adc.dir/adc_cali.c.obj
[ 29%] Linking C static library libesp_hal_sd.a
[ 29%] Building CXX object esp-idf/wear_levelling/CMakeFiles/__idf_wear_levelling.dir/BDL_Access.cpp.obj
[ 29%] Building C object esp-idf/nanopb/CMakeFiles/__idf_nanopb.dir/pb_decode.c.obj
[ 29%] Built target __idf_esp_hal_sd
[ 29%] Building C object esp-idf/esp_adc/CMakeFiles/__idf_esp_adc.dir/adc_cali_curve_fitting.c.obj
[ 29%] Building C object esp-idf/esp_adc/CMakeFiles/__idf_esp_adc.dir/adc_continuous.c.obj
[ 29%] Building CXX object esp-idf/wear_levelling/CMakeFiles/__idf_wear_levelling.dir/SPI_Flash.cpp.obj
[ 29%] Building C object esp-idf/esp_adc/CMakeFiles/__idf_esp_adc.dir/adc_monitor.c.obj
[ 29%] Building CXX object esp-idf/wear_levelling/CMakeFiles/__idf_wear_levelling.dir/WL_Ext_Perf.cpp.obj
[ 29%] Building C object esp-idf/nanopb/CMakeFiles/__idf_nanopb.dir/pb_encode.c.obj
[ 29%] Building CXX object esp-idf/wear_levelling/CMakeFiles/__idf_wear_levelling.dir/WL_Ext_Safe.cpp.obj
[ 29%] Building C object esp-idf/esp_adc/CMakeFiles/__idf_esp_adc.dir/gdma/adc_dma.c.obj
[ 29%] Building C object esp-idf/esp_driver_gptimer/CMakeFiles/__idf_esp_driver_gptimer.dir/src/gptimer.c.obj
[ 29%] Linking C static library libnanopb.a
[ 29%] Building CXX object esp-idf/wear_levelling/CMakeFiles/__idf_wear_levelling.dir/WL_Flash.cpp.obj
[ 29%] Built target __idf_nanopb
[ 29%] Building C object esp-idf/esp_driver_gptimer/CMakeFiles/__idf_esp_driver_gptimer.dir/src/gptimer_common.c.obj
[ 29%] Building C object esp-idf/esp_adc/CMakeFiles/__idf_esp_adc.dir/adc_filter.c.obj
[ 29%] Building C object esp-idf/esp_adc/CMakeFiles/__idf_esp_adc.dir/esp32s3/curve_fitting_coefficients.c.obj
[ 29%] Linking C static library libesp_driver_gptimer.a
[ 29%] Built target __idf_esp_driver_gptimer
[ 29%] Building C object esp-idf/console/CMakeFiles/__idf_console.dir/commands.c.obj
[ 29%] Building C object esp-idf/unity/CMakeFiles/__idf_unity.dir/unity/src/unity.c.obj
[ 29%] Linking C static library libesp_adc.a
[ 29%] Built target __idf_esp_adc
[ 29%] Building C object esp-idf/http_parser/CMakeFiles/__idf_http_parser.dir/http_parser.c.obj
[ 29%] Building C object esp-idf/console/CMakeFiles/__idf_console.dir/esp_console_common.c.obj
[ 29%] Building CXX object esp-idf/wear_levelling/CMakeFiles/__idf_wear_levelling.dir/crc32.cpp.obj
[ 29%] Building CXX object esp-idf/wear_levelling/CMakeFiles/__idf_wear_levelling.dir/wear_levelling.cpp.obj
[ 29%] Building C object esp-idf/unity/CMakeFiles/__idf_unity.dir/unity_compat.c.obj
[ 29%] Building C object esp-idf/console/CMakeFiles/__idf_console.dir/split_argv.c.obj
[ 29%] Building CXX object esp-idf/wear_levelling/CMakeFiles/__idf_wear_levelling.dir/wl_blockdev.cpp.obj
[ 29%] Building C object esp-idf/unity/CMakeFiles/__idf_unity.dir/unity_runner.c.obj
[ 29%] Building C object esp-idf/console/CMakeFiles/__idf_console.dir/linenoise/linenoise.c.obj
[ 29%] Linking C static library libwear_levelling.a
[ 29%] Built target __idf_wear_levelling
[ 29%] Building C object esp-idf/esp_blockdev_util/CMakeFiles/__idf_esp_blockdev_util.dir/generic_partition.c.obj
[ 29%] Building C object esp-idf/unity/CMakeFiles/__idf_unity.dir/unity_utils_freertos.c.obj
[ 29%] Building C object esp-idf/unity/CMakeFiles/__idf_unity.dir/unity_utils_cache.c.obj
[ 29%] Linking C static library libhttp_parser.a
[ 29%] Building C object esp-idf/console/CMakeFiles/__idf_console.dir/esp_console_repl_chip.c.obj
[ 29%] Built target __idf_http_parser
[ 29%] Building C object esp-idf/esp_blockdev_util/CMakeFiles/__idf_esp_blockdev_util.dir/memory.c.obj
[ 29%] Building C object esp-idf/console/CMakeFiles/__idf_console.dir/esp_console_repl_internal.c.obj
[ 29%] Building C object esp-idf/unity/CMakeFiles/__idf_unity.dir/unity_utils_memory.c.obj
[ 29%] Linking C static library libesp_blockdev_util.a
[ 29%] Building C object esp-idf/console/CMakeFiles/__idf_console.dir/argtable3/arg_cmd.c.obj
[ 29%] Built target __idf_esp_blockdev_util
[ 29%] Building C object esp-idf/unity/CMakeFiles/__idf_unity.dir/unity_port_esp32.c.obj
[ 29%] Building C object esp-idf/unity/CMakeFiles/__idf_unity.dir/port/esp/unity_utils_memory_esp.c.obj
[ 29%] Building C object esp-idf/console/CMakeFiles/__idf_console.dir/argtable3/arg_date.c.obj
[ 29%] Building C object esp-idf/console/CMakeFiles/__idf_console.dir/argtable3/arg_dbl.c.obj
[ 29%] Building C object esp-idf/esp_hal_cam/CMakeFiles/__idf_esp_hal_cam.dir/cam_hal.c.obj
[ 30%] Linking C static library libunity.a
[ 30%] Building C object esp-idf/esp_hal_cam/CMakeFiles/__idf_esp_hal_cam.dir/esp32s3/cam_periph.c.obj
[ 30%] Building C object esp-idf/console/CMakeFiles/__idf_console.dir/argtable3/arg_dstr.c.obj
[ 30%] Built target __idf_unity
[ 31%] Building C object esp-idf/console/CMakeFiles/__idf_console.dir/argtable3/arg_end.c.obj
[ 31%] Building C object esp-idf/console/CMakeFiles/__idf_console.dir/argtable3/arg_file.c.obj
[ 31%] Linking C static library libesp_hal_cam.a
[ 31%] Building C object esp-idf/console/CMakeFiles/__idf_console.dir/argtable3/arg_int.c.obj
[ 31%] Building C object esp-idf/console/CMakeFiles/__idf_console.dir/argtable3/arg_hashtable.c.obj
[ 31%] Built target __idf_esp_hal_cam
[ 31%] Building C object esp-idf/esp_hal_mcpwm/CMakeFiles/__idf_esp_hal_mcpwm.dir/mcpwm_hal.c.obj
[ 31%] Building C object esp-idf/esp_hal_ledc/CMakeFiles/__idf_esp_hal_ledc.dir/ledc_hal.c.obj
[ 31%] Building C object esp-idf/console/CMakeFiles/__idf_console.dir/argtable3/arg_lit.c.obj
[ 31%] Building C object esp-idf/esp_hal_ledc/CMakeFiles/__idf_esp_hal_ledc.dir/esp32s3/ledc_periph.c.obj
[ 31%] Building C object esp-idf/esp_hal_ledc/CMakeFiles/__idf_esp_hal_ledc.dir/ledc_hal_iram.c.obj
[ 31%] Building C object esp-idf/console/CMakeFiles/__idf_console.dir/argtable3/arg_rem.c.obj
[ 31%] Building C object esp-idf/esp_hal_mcpwm/CMakeFiles/__idf_esp_hal_mcpwm.dir/esp32s3/mcpwm_periph.c.obj
[ 31%] Building C object esp-idf/esp_hal_pcnt/CMakeFiles/__idf_esp_hal_pcnt.dir/pcnt_hal.c.obj
[ 31%] Linking C static library libesp_hal_ledc.a
[ 31%] Building C object esp-idf/console/CMakeFiles/__idf_console.dir/argtable3/arg_rex.c.obj
[ 31%] Linking C static library libesp_hal_mcpwm.a
[ 31%] Built target __idf_esp_hal_ledc
[ 31%] Building C object esp-idf/esp_hal_pcnt/CMakeFiles/__idf_esp_hal_pcnt.dir/esp32s3/pcnt_periph.c.obj
[ 31%] Building C object esp-idf/esp_driver_sdm/CMakeFiles/__idf_esp_driver_sdm.dir/src/sdm.c.obj
[ 31%] Built target __idf_esp_hal_mcpwm
[ 31%] Building C object esp-idf/console/CMakeFiles/__idf_console.dir/argtable3/arg_str.c.obj
[ 31%] Building C object esp-idf/console/CMakeFiles/__idf_console.dir/argtable3/arg_utils.c.obj
[ 31%] Building C object esp-idf/console/CMakeFiles/__idf_console.dir/argtable3/argtable3.c.obj
[ 31%] Building C object esp-idf/esp_driver_touch_sens/CMakeFiles/__idf_esp_driver_touch_sens.dir/common/touch_sens_common.c.obj
[ 31%] Linking C static library libesp_hal_pcnt.a
[ 31%] Built target __idf_esp_hal_pcnt
[ 31%] Building C object esp-idf/esp_driver_tsens/CMakeFiles/__idf_esp_driver_tsens.dir/src/temperature_sensor.c.obj
[ 31%] Linking C static library libconsole.a
[ 31%] Linking C static library libesp_driver_sdm.a
[ 31%] Built target __idf_esp_driver_sdm
[ 31%] Building C object esp-idf/esp_driver_touch_sens/CMakeFiles/__idf_esp_driver_touch_sens.dir/hw_ver2/touch_version_specific.c.obj
[ 31%] Built target __idf_console
[ 31%] Building C object esp-idf/esp_driver_twai/CMakeFiles/__idf_esp_driver_twai.dir/esp_twai.c.obj
[ 32%] Building C object esp-idf/esp_driver_twai/CMakeFiles/__idf_esp_driver_twai.dir/esp_twai_onchip.c.obj
[ 32%] Linking C static library libesp_driver_tsens.a
[ 32%] Built target __idf_esp_driver_tsens
[ 32%] Extracting error codes for esp_http_server
[ 32%] Generating error code table for esp_http_server
[ 32%] Building C object esp-idf/esp_driver_twai/CMakeFiles/__idf_esp_driver_twai.dir/twai_frame_queue.c.obj
[ 32%] Linking C static library libesp_driver_touch_sens.a
[ 32%] Building C object esp-idf/esp_http_server/CMakeFiles/__idf_esp_http_server.dir/src/httpd_main.c.obj
[ 32%] Built target __idf_esp_driver_touch_sens
[ 32%] Building C object esp-idf/protobuf-c/CMakeFiles/__idf_protobuf-c.dir/protobuf-c/protobuf-c/protobuf-c.c.obj
[ 32%] Building C object esp-idf/esp_http_server/CMakeFiles/__idf_esp_http_server.dir/src/httpd_parse.c.obj
[ 32%] Linking C static library libesp_driver_twai.a
[ 32%] Built target __idf_esp_driver_twai
[ 32%] Building C object esp-idf/perfmon/CMakeFiles/__idf_perfmon.dir/xtensa_perfmon_access.c.obj
[ 32%] Building C object esp-idf/esp_http_server/CMakeFiles/__idf_esp_http_server.dir/src/httpd_sess.c.obj
[ 32%] Building C object esp-idf/perfmon/CMakeFiles/__idf_perfmon.dir/xtensa_perfmon_apis.c.obj
[ 32%] Building C object esp-idf/perfmon/CMakeFiles/__idf_perfmon.dir/xtensa_perfmon_masks.c.obj
[ 32%] Linking C static library libperfmon.a
[ 32%] Building C object esp-idf/esp_http_server/CMakeFiles/__idf_esp_http_server.dir/src/httpd_txrx.c.obj
[ 32%] Built target __idf_perfmon
[ 32%] Building C object esp-idf/esp_http_server/CMakeFiles/__idf_esp_http_server.dir/src/httpd_uri.c.obj
[ 32%] Building C object esp-idf/rt/CMakeFiles/__idf_rt.dir/FreeRTOS_POSIX_mqueue.c.obj
[ 32%] Linking C static library libprotobuf-c.a
[ 32%] Built target __idf_protobuf-c
[ 32%] Building C object esp-idf/spiffs/CMakeFiles/__idf_spiffs.dir/spiffs_api.c.obj
[ 32%] Building C object esp-idf/rt/CMakeFiles/__idf_rt.dir/FreeRTOS_POSIX_utils.c.obj
[ 32%] Building C object esp-idf/spiffs/CMakeFiles/__idf_spiffs.dir/spiffs/src/spiffs_cache.c.obj
[ 32%] Building C object esp-idf/esp_http_server/CMakeFiles/__idf_esp_http_server.dir/src/httpd_ws.c.obj
[ 32%] Building C object esp-idf/spiffs/CMakeFiles/__idf_spiffs.dir/spiffs/src/spiffs_check.c.obj
[ 32%] Linking C static library librt.a
[ 32%] Built target __idf_rt
[ 32%] Extracting error codes for esp_netif
[ 32%] Building C object esp-idf/driver/CMakeFiles/__idf_driver.dir/i2c/i2c.c.obj
[ 32%] Generating error code table for esp_netif
[ 32%] Building C object esp-idf/esp_http_server/CMakeFiles/__idf_esp_http_server.dir/src/util/ctrl_sock.c.obj
[ 32%] Building C object esp-idf/esp_netif/CMakeFiles/__idf_esp_netif.dir/esp_netif_handlers.c.obj
[ 32%] Building C object esp-idf/spiffs/CMakeFiles/__idf_spiffs.dir/spiffs/src/spiffs_gc.c.obj
[ 32%] Building C object esp-idf/esp_http_server/CMakeFiles/__idf_esp_http_server.dir/__/__/esp_err_codes/esp_http_server_esp_err_codes.c.obj
[ 32%] Building C object esp-idf/esp_netif/CMakeFiles/__idf_esp_netif.dir/esp_netif_objects.c.obj
[ 32%] Building C object esp-idf/spiffs/CMakeFiles/__idf_spiffs.dir/spiffs/src/spiffs_hydrogen.c.obj
[ 32%] Building C object esp-idf/esp_netif/CMakeFiles/__idf_esp_netif.dir/esp_netif_defaults.c.obj
[ 32%] Linking C static library libesp_http_server.a
[ 32%] Building C object esp-idf/esp_netif/CMakeFiles/__idf_esp_netif.dir/lwip/esp_netif_lwip.c.obj
[ 32%] Building C object esp-idf/driver/CMakeFiles/__idf_driver.dir/touch_sensor/touch_sensor_common.c.obj
[ 32%] Built target __idf_esp_http_server
[ 32%] Building C object esp-idf/spiffs/CMakeFiles/__idf_spiffs.dir/spiffs/src/spiffs_nucleus.c.obj
[ 32%] Building C object esp-idf/esp_netif/CMakeFiles/__idf_esp_netif.dir/lwip/esp_netif_sntp.c.obj
[ 32%] Building C object esp-idf/driver/CMakeFiles/__idf_driver.dir/touch_sensor/esp32s3/touch_sensor.c.obj
[ 32%] Building C object esp-idf/esp_netif/CMakeFiles/__idf_esp_netif.dir/lwip/esp_netif_lwip_defaults.c.obj
[ 32%] Building C object esp-idf/esp_driver_i2c/CMakeFiles/__idf_esp_driver_i2c.dir/i2c_master.c.obj
[ 32%] Building C object esp-idf/spiffs/CMakeFiles/__idf_spiffs.dir/esp_spiffs.c.obj
[ 32%] Building C object esp-idf/driver/CMakeFiles/__idf_driver.dir/twai/twai.c.obj
[ 32%] Building C object esp-idf/esp_netif/CMakeFiles/__idf_esp_netif.dir/lwip/netif/wlanif.c.obj
[ 32%] Linking C static library libspiffs.a
[ 32%] Building C object esp-idf/esp_netif/CMakeFiles/__idf_esp_netif.dir/lwip/netif/ethernetif.c.obj
[ 32%] Built target __idf_spiffs
[ 32%] Building C object esp-idf/esp_driver_i2c/CMakeFiles/__idf_esp_driver_i2c.dir/i2c_common.c.obj
[ 32%] Linking C static library libdriver.a
[ 32%] Built target __idf_driver
[ 32%] Building C object esp-idf/esp_driver_i2c/CMakeFiles/__idf_esp_driver_i2c.dir/i2c_slave.c.obj
[ 32%] Building C object esp-idf/esp_netif/CMakeFiles/__idf_esp_netif.dir/lwip/netif/esp_pbuf_ref.c.obj
[ 32%] Building C object esp-idf/esp_netif/CMakeFiles/__idf_esp_netif.dir/__/__/esp_err_codes/esp_netif_esp_err_codes.c.obj
[ 32%] Building C object esp-idf/esp_driver_rmt/CMakeFiles/__idf_esp_driver_rmt.dir/src/rmt_common.c.obj
[ 32%] Building C object esp-idf/esp_driver_i2s/CMakeFiles/__idf_esp_driver_i2s.dir/i2s_common.c.obj
[ 32%] Linking C static library libesp_netif.a
[ 32%] Built target __idf_esp_netif
[ 32%] Building C object esp-idf/sdmmc/CMakeFiles/__idf_sdmmc.dir/sdmmc_cmd.c.obj
[ 33%] Linking C static library libesp_driver_i2c.a
[ 33%] Built target __idf_esp_driver_i2c
[ 33%] Building C object esp-idf/esp_hal_lcd/CMakeFiles/__idf_esp_hal_lcd.dir/lcd_hal.c.obj
[ 33%] Building C object esp-idf/esp_driver_rmt/CMakeFiles/__idf_esp_driver_rmt.dir/src/rmt_encoder.c.obj
[ 33%] Building C object esp-idf/esp_hal_lcd/CMakeFiles/__idf_esp_hal_lcd.dir/esp32s3/lcd_periph.c.obj
[ 33%] Building C object esp-idf/esp_driver_i2s/CMakeFiles/__idf_esp_driver_i2s.dir/i2s_std.c.obj
[ 33%] Building C object esp-idf/sdmmc/CMakeFiles/__idf_sdmmc.dir/sdmmc_common.c.obj
[ 33%] Building C object esp-idf/esp_driver_rmt/CMakeFiles/__idf_esp_driver_rmt.dir/src/rmt_encoder_bytes.c.obj
[ 33%] Linking C static library libesp_hal_lcd.a
[ 33%] Built target __idf_esp_hal_lcd
[ 33%] Building C object esp-idf/flipper_protobuf/CMakeFiles/__idf_flipper_protobuf.dir/flipper.pb.c.obj
[ 33%] Building C object esp-idf/esp_driver_rmt/CMakeFiles/__idf_esp_driver_rmt.dir/src/rmt_encoder_copy.c.obj
[ 33%] Building C object esp-idf/flipper_protobuf/CMakeFiles/__idf_flipper_protobuf.dir/storage.pb.c.obj
[ 33%] Building C object esp-idf/esp_driver_i2s/CMakeFiles/__idf_esp_driver_i2s.dir/i2s_pdm.c.obj
[ 33%] Building C object esp-idf/sdmmc/CMakeFiles/__idf_sdmmc.dir/sdmmc_init.c.obj
[ 33%] Building C object esp-idf/flipper_protobuf/CMakeFiles/__idf_flipper_protobuf.dir/system.pb.c.obj
[ 33%] Building C object esp-idf/sdmmc/CMakeFiles/__idf_sdmmc.dir/sdmmc_mmc.c.obj
[ 33%] Building C object esp-idf/flipper_protobuf/CMakeFiles/__idf_flipper_protobuf.dir/application.pb.c.obj
[ 33%] Building C object esp-idf/esp_driver_rmt/CMakeFiles/__idf_esp_driver_rmt.dir/src/rmt_encoder_simple.c.obj
[ 33%] Building C object esp-idf/flipper_protobuf/CMakeFiles/__idf_flipper_protobuf.dir/gui.pb.c.obj
[ 33%] Building C object esp-idf/flipper_protobuf/CMakeFiles/__idf_flipper_protobuf.dir/gpio.pb.c.obj
[ 33%] Building C object esp-idf/sdmmc/CMakeFiles/__idf_sdmmc.dir/sdmmc_sd.c.obj
[ 33%] Building C object esp-idf/flipper_protobuf/CMakeFiles/__idf_flipper_protobuf.dir/desktop.pb.c.obj
[ 33%] Building C object esp-idf/esp_driver_rmt/CMakeFiles/__idf_esp_driver_rmt.dir/src/rmt_rx.c.obj
[ 33%] Building C object esp-idf/flipper_protobuf/CMakeFiles/__idf_flipper_protobuf.dir/property.pb.c.obj
[ 33%] Building C object esp-idf/esp_driver_i2s/CMakeFiles/__idf_esp_driver_i2s.dir/i2s_tdm.c.obj
[ 33%] Linking C static library libflipper_protobuf.a
[ 33%] Built target __idf_flipper_protobuf
[ 33%] Building C object esp-idf/sdmmc/CMakeFiles/__idf_sdmmc.dir/sdmmc_blockdev.c.obj
[ 33%] Building C object esp-idf/espressif__tinyusb/CMakeFiles/__idf_espressif__tinyusb.dir/src/class/cdc/cdc_device.c.obj
[ 33%] Building C object esp-idf/sdmmc/CMakeFiles/__idf_sdmmc.dir/sd_pwr_ctrl/sd_pwr_ctrl.c.obj
[ 34%] Building C object esp-idf/esp_driver_rmt/CMakeFiles/__idf_esp_driver_rmt.dir/src/rmt_tx.c.obj
[ 34%] Building C object esp-idf/sdmmc/CMakeFiles/__idf_sdmmc.dir/sdmmc_io.c.obj
[ 34%] Building C object esp-idf/esp_driver_i2s/CMakeFiles/__idf_esp_driver_i2s.dir/i2s_platform.c.obj
[ 34%] Building C object esp-idf/espressif__tinyusb/CMakeFiles/__idf_espressif__tinyusb.dir/src/class/hid/hid_device.c.obj
[ 34%] Linking C static library libesp_driver_i2s.a
[ 34%] Built target __idf_esp_driver_i2s
[ 34%] Building C object esp-idf/cmock/CMakeFiles/__idf_cmock.dir/CMock/src/cmock.c.obj
[ 34%] Building C object esp-idf/espressif__tinyusb/CMakeFiles/__idf_espressif__tinyusb.dir/src/class/midi/midi_device.c.obj
[ 34%] Linking C static library libsdmmc.a
[ 34%] Building C object esp-idf/espressif__tinyusb/CMakeFiles/__idf_espressif__tinyusb.dir/src/class/msc/msc_device.c.obj
[ 34%] Linking C static library libcmock.a
[ 34%] Built target __idf_sdmmc
[ 34%] Extracting error codes for esp-tls
[ 34%] Built target __idf_cmock
[ 34%] Building C object esp-idf/esp_driver_cam/CMakeFiles/__idf_esp_driver_cam.dir/esp_cam_ctlr.c.obj
[ 34%] Generating error code table for esp-tls
[ 34%] Linking C static library libesp_driver_rmt.a
[ 34%] Building C object esp-idf/espressif__tinyusb/CMakeFiles/__idf_espressif__tinyusb.dir/src/class/vendor/vendor_device.c.obj
[ 34%] Building C object esp-idf/esp-tls/CMakeFiles/__idf_esp-tls.dir/esp_tls.c.obj
[ 34%] Building C object esp-idf/esp_driver_cam/CMakeFiles/__idf_esp_driver_cam.dir/dvp_share_ctrl.c.obj
[ 34%] Built target __idf_esp_driver_rmt
[ 34%] Building C object esp-idf/espressif__tinyusb/CMakeFiles/__idf_espressif__tinyusb.dir/src/class/audio/audio_device.c.obj
[ 34%] Building C object esp-idf/esp_driver_ledc/CMakeFiles/__idf_esp_driver_ledc.dir/src/ledc.c.obj
[ 34%] Building C object esp-idf/espressif__tinyusb/CMakeFiles/__idf_espressif__tinyusb.dir/src/class/video/video_device.c.obj
[ 34%] Building C object esp-idf/espressif__tinyusb/CMakeFiles/__idf_espressif__tinyusb.dir/src/class/bth/bth_device.c.obj
[ 34%] Building C object esp-idf/esp_driver_cam/CMakeFiles/__idf_esp_driver_cam.dir/dvp/src/esp_cam_ctlr_dvp_gdma.c.obj
[ 34%] Building C object esp-idf/espressif__tinyusb/CMakeFiles/__idf_espressif__tinyusb.dir/src/class/usbtmc/usbtmc_device.c.obj
[ 34%] Building C object esp-idf/espressif__tinyusb/CMakeFiles/__idf_espressif__tinyusb.dir/src/class/net/ecm_rndis_device.c.obj
[ 34%] Building C object esp-idf/esp_driver_cam/CMakeFiles/__idf_esp_driver_cam.dir/dvp/src/esp_cam_ctlr_dvp_cam.c.obj
[ 34%] Building C object esp-idf/espressif__tinyusb/CMakeFiles/__idf_espressif__tinyusb.dir/lib/networking/rndis_reports.c.obj
[ 34%] Building C object esp-idf/esp-tls/CMakeFiles/__idf_esp-tls.dir/esp-tls-crypto/esp_tls_crypto.c.obj
[ 34%] Building C object esp-idf/espressif__tinyusb/CMakeFiles/__idf_espressif__tinyusb.dir/src/class/net/ncm_device.c.obj
[ 34%] Building C object esp-idf/espressif__tinyusb/CMakeFiles/__idf_espressif__tinyusb.dir/src/class/dfu/dfu_device.c.obj
[ 34%] Building C object esp-idf/espressif__tinyusb/CMakeFiles/__idf_espressif__tinyusb.dir/src/class/dfu/dfu_rt_device.c.obj
[ 34%] Linking C static library libesp_driver_ledc.a
[ 34%] Building C object esp-idf/espressif__tinyusb/CMakeFiles/__idf_espressif__tinyusb.dir/src/portable/synopsys/dwc2/dcd_dwc2.c.obj
[ 34%] Linking C static library libesp_driver_cam.a
[ 34%] Building C object esp-idf/esp-tls/CMakeFiles/__idf_esp-tls.dir/esp_tls_error_capture.c.obj
[ 34%] Built target __idf_esp_driver_ledc
[ 34%] Building C object esp-idf/esp_driver_mcpwm/CMakeFiles/__idf_esp_driver_mcpwm.dir/src/mcpwm_cap.c.obj
[ 34%] Built target __idf_esp_driver_cam
[ 34%] Building C object esp-idf/esp_driver_pcnt/CMakeFiles/__idf_esp_driver_pcnt.dir/src/pulse_cnt.c.obj
[ 34%] Building C object esp-idf/esp-tls/CMakeFiles/__idf_esp-tls.dir/esp_tls_platform_port.c.obj
[ 35%] Building C object esp-idf/esp-tls/CMakeFiles/__idf_esp-tls.dir/esp_tls_mbedtls.c.obj
[ 35%] Building C object esp-idf/espressif__tinyusb/CMakeFiles/__idf_espressif__tinyusb.dir/src/portable/synopsys/dwc2/dwc2_common.c.obj
[ 35%] Building C object esp-idf/esp_driver_mcpwm/CMakeFiles/__idf_esp_driver_mcpwm.dir/src/mcpwm_cmpr.c.obj
[ 35%] Linking C static library libesp_driver_pcnt.a
[ 35%] Built target __idf_esp_driver_pcnt
[ 35%] Building C object esp-idf/esp_driver_mcpwm/CMakeFiles/__idf_esp_driver_mcpwm.dir/src/mcpwm_com.c.obj
[ 35%] Building C object esp-idf/espressif__tinyusb/CMakeFiles/__idf_espressif__tinyusb.dir/src/common/tusb_fifo.c.obj
[ 35%] Building C object esp-idf/esp_driver_mcpwm/CMakeFiles/__idf_esp_driver_mcpwm.dir/src/mcpwm_fault.c.obj
[ 35%] Building C object esp-idf/esp_driver_mcpwm/CMakeFiles/__idf_esp_driver_mcpwm.dir/src/mcpwm_gen.c.obj
[ 35%] Building C object esp-idf/esp-tls/CMakeFiles/__idf_esp-tls.dir/__/__/esp_err_codes/esp-tls_esp_err_codes.c.obj
[ 35%] Building C object esp-idf/espressif__tinyusb/CMakeFiles/__idf_espressif__tinyusb.dir/src/device/usbd_control.c.obj
[ 35%] Building C object esp-idf/esp_driver_mcpwm/CMakeFiles/__idf_esp_driver_mcpwm.dir/src/mcpwm_oper.c.obj
[ 35%] Linking C static library libesp-tls.a
[ 36%] Building C object esp-idf/espressif__tinyusb/CMakeFiles/__idf_espressif__tinyusb.dir/src/device/usbd.c.obj
[ 36%] Built target __idf_esp-tls
[ 36%] Building C object esp-idf/esp_eth/CMakeFiles/__idf_esp_eth.dir/src/esp_eth.c.obj
[ 36%] Building C object esp-idf/esp_driver_mcpwm/CMakeFiles/__idf_esp_driver_mcpwm.dir/src/mcpwm_sync.c.obj
[ 36%] Building C object esp-idf/esp_driver_mcpwm/CMakeFiles/__idf_esp_driver_mcpwm.dir/src/mcpwm_timer.c.obj
[ 36%] Building C object esp-idf/espressif__tinyusb/CMakeFiles/__idf_espressif__tinyusb.dir/src/tusb.c.obj
[ 36%] Building C object esp-idf/esp_eth/CMakeFiles/__idf_esp_eth.dir/src/phy/esp_eth_phy_802_3.c.obj
[ 36%] Linking C static library libespressif__tinyusb.a
[ 36%] Building C object esp-idf/esp_eth/CMakeFiles/__idf_esp_eth.dir/src/esp_eth_netif_glue.c.obj
[ 36%] Built target __idf_espressif__tinyusb
[ 37%] Extracting error codes for tcp_transport
[ 37%] Linking C static library libesp_driver_mcpwm.a
[ 37%] Generating error code table for tcp_transport
[ 37%] Built target __idf_esp_driver_mcpwm
[ 37%] Building C object esp-idf/esp_https_server/CMakeFiles/__idf_esp_https_server.dir/src/https_server.c.obj
[ 37%] Extracting error codes for esp_wifi
[ 37%] Building C object esp-idf/tcp_transport/CMakeFiles/__idf_tcp_transport.dir/transport.c.obj
[ 37%] Generating error code table for esp_wifi
[ 37%] Linking C static library libesp_eth.a
[ 37%] Building C object esp-idf/esp_wifi/CMakeFiles/__idf_esp_wifi.dir/src/lib_printf.c.obj
[ 37%] Built target __idf_esp_eth
[ 37%] Building C object esp-idf/esp_driver_sd_intf/CMakeFiles/__idf_esp_driver_sd_intf.dir/sd_host.c.obj
[ 37%] Building C object esp-idf/tcp_transport/CMakeFiles/__idf_tcp_transport.dir/transport_ssl.c.obj
[ 37%] Linking C static library libesp_https_server.a
[ 37%] Built target __idf_esp_https_server
[ 37%] Building C object esp-idf/esp_wifi/CMakeFiles/__idf_esp_wifi.dir/src/mesh_event.c.obj
[ 37%] Building C object esp-idf/esp_driver_sdspi/CMakeFiles/__idf_esp_driver_sdspi.dir/src/sdspi_crc.c.obj
[ 37%] Linking C static library libesp_driver_sd_intf.a
[ 37%] Building C object esp-idf/esp_driver_sdspi/CMakeFiles/__idf_esp_driver_sdspi.dir/src/sdspi_host.c.obj
[ 37%] Building C object esp-idf/esp_wifi/CMakeFiles/__idf_esp_wifi.dir/src/smartconfig.c.obj
[ 37%] Built target __idf_esp_driver_sd_intf
[ 37%] Building C object esp-idf/tcp_transport/CMakeFiles/__idf_tcp_transport.dir/transport_internal.c.obj
[ 37%] Building C object esp-idf/esp_wifi/CMakeFiles/__idf_esp_wifi.dir/src/wifi_init.c.obj
[ 37%] Building C object esp-idf/esp_driver_sdspi/CMakeFiles/__idf_esp_driver_sdspi.dir/src/sdspi_transaction.c.obj
[ 37%] Building C object esp-idf/tcp_transport/CMakeFiles/__idf_tcp_transport.dir/transport_socks_proxy.c.obj
[ 37%] Building C object esp-idf/tcp_transport/CMakeFiles/__idf_tcp_transport.dir/transport_ws.c.obj
[ 37%] Linking C static library libesp_driver_sdspi.a
[ 37%] Building C object esp-idf/esp_wifi/CMakeFiles/__idf_esp_wifi.dir/src/wifi_default.c.obj
[ 37%] Built target __idf_esp_driver_sdspi
[ 37%] Building C object esp-idf/tcp_transport/CMakeFiles/__idf_tcp_transport.dir/__/__/esp_err_codes/tcp_transport_esp_err_codes.c.obj
[ 37%] Building C object esp-idf/esp_lcd/CMakeFiles/__idf_esp_lcd.dir/src/esp_lcd_common.c.obj
[ 37%] Building C object esp-idf/esp_wifi/CMakeFiles/__idf_esp_wifi.dir/src/wifi_netif.c.obj
[ 37%] Building C object esp-idf/esp_lcd/CMakeFiles/__idf_esp_lcd.dir/src/esp_lcd_panel_io.c.obj
[ 37%] Building C object esp-idf/espressif__led_strip/CMakeFiles/__idf_espressif__led_strip.dir/src/led_strip_api.c.obj
[ 37%] Linking C static library libtcp_transport.a
[ 37%] Building C object esp-idf/esp_wifi/CMakeFiles/__idf_esp_wifi.dir/src/wifi_default_ap.c.obj
[ 37%] Building C object esp-idf/esp_lcd/CMakeFiles/__idf_esp_lcd.dir/src/esp_lcd_panel_ssd1306.c.obj
[ 37%] Building C object esp-idf/espressif__led_strip/CMakeFiles/__idf_espressif__led_strip.dir/src/led_strip_rmt_dev.c.obj
[ 37%] Built target __idf_tcp_transport
[ 37%] Building C object esp-idf/esp_driver_sdmmc/CMakeFiles/__idf_esp_driver_sdmmc.dir/legacy/src/sdmmc_transaction.c.obj
[ 37%] Building C object esp-idf/esp_wifi/CMakeFiles/__idf_esp_wifi.dir/src/ftm_load_calibration.c.obj
[ 37%] Building C object esp-idf/esp_wifi/CMakeFiles/__idf_esp_wifi.dir/esp32s3/esp_adapter.c.obj
[ 37%] Building C object esp-idf/espressif__led_strip/CMakeFiles/__idf_espressif__led_strip.dir/src/led_strip_rmt_encoder.c.obj
[ 37%] Building C object esp-idf/esp_lcd/CMakeFiles/__idf_esp_lcd.dir/src/esp_lcd_panel_st7789.c.obj
[ 37%] Building C object esp-idf/esp_driver_sdmmc/CMakeFiles/__idf_esp_driver_sdmmc.dir/legacy/src/sdmmc_host.c.obj
[ 37%] Building C object esp-idf/espressif__led_strip/CMakeFiles/__idf_espressif__led_strip.dir/src/led_strip_spi_dev.c.obj
[ 37%] Building C object esp-idf/esp_driver_sdmmc/CMakeFiles/__idf_esp_driver_sdmmc.dir/src/sd_host_sdmmc.c.obj
[ 37%] Building C object esp-idf/esp_lcd/CMakeFiles/__idf_esp_lcd.dir/src/esp_lcd_panel_ops.c.obj
[ 37%] Building C object esp-idf/esp_wifi/CMakeFiles/__idf_esp_wifi.dir/regulatory/esp_wifi_regulatory.c.obj
[ 37%] Linking C static library libespressif__led_strip.a
[ 37%] Building C object esp-idf/esp_wifi/CMakeFiles/__idf_esp_wifi.dir/src/smartconfig_ack.c.obj
[ 37%] Built target __idf_espressif__led_strip
[ 37%] Extracting error codes for esp_http_client
[ 37%] Building C object esp-idf/esp_lcd/CMakeFiles/__idf_esp_lcd.dir/i2c/esp_lcd_panel_io_i2c.c.obj
[ 37%] Generating error code table for esp_http_client
[ 37%] Building C object esp-idf/esp_http_client/CMakeFiles/__idf_esp_http_client.dir/esp_http_client.c.obj
[ 37%] Building C object esp-idf/esp_lcd/CMakeFiles/__idf_esp_lcd.dir/spi/esp_lcd_panel_io_spi.c.obj
[ 37%] Building C object esp-idf/esp_wifi/CMakeFiles/__idf_esp_wifi.dir/__/__/esp_err_codes/esp_wifi_esp_err_codes.c.obj
[ 37%] Building C object esp-idf/esp_lcd/CMakeFiles/__idf_esp_lcd.dir/i80/esp_lcd_panel_io_i80.c.obj
[ 37%] Building C object esp-idf/esp_wifi/CMakeFiles/__idf_esp_wifi.dir/remote/esp_wifi_remote_weak.c.obj
[ 37%] Building C object esp-idf/esp_driver_sdmmc/CMakeFiles/__idf_esp_driver_sdmmc.dir/src/sd_trans_sdmmc.c.obj
[ 37%] Building C object esp-idf/esp_lcd/CMakeFiles/__idf_esp_lcd.dir/rgb/esp_lcd_panel_rgb.c.obj
[ 37%] Linking C static library libesp_driver_sdmmc.a
[ 37%] Building C object esp-idf/esp_wifi/CMakeFiles/__idf_esp_wifi.dir/remote/esp_eap_client_remote_weak.c.obj
[ 37%] Building C object esp-idf/esp_http_client/CMakeFiles/__idf_esp_http_client.dir/lib/http_auth.c.obj
[ 37%] Built target __idf_esp_driver_sdmmc
[ 37%] Building C object esp-idf/esp_wifi/CMakeFiles/__idf_esp_wifi.dir/remote/esp_wifi_remote_net2.c.obj
[ 37%] Building C object esp-idf/esp_http_client/CMakeFiles/__idf_esp_http_client.dir/lib/http_header.c.obj
[ 37%] Building C object esp-idf/fatfs/CMakeFiles/__idf_fatfs.dir/diskio/diskio.c.obj
[ 37%] Linking C static library libesp_wifi.a
[ 37%] Built target __idf_esp_wifi
[ 37%] Building C object esp-idf/esp_http_client/CMakeFiles/__idf_esp_http_client.dir/lib/http_utils.c.obj
[ 37%] Building C object esp-idf/fatfs/CMakeFiles/__idf_fatfs.dir/diskio/diskio_rawflash.c.obj
[ 37%] Building C object esp-idf/esp_coex/CMakeFiles/__idf_esp_coex.dir/src/coexist.c.obj
[ 37%] Building C object esp-idf/esp_http_client/CMakeFiles/__idf_esp_http_client.dir/__/__/esp_err_codes/esp_http_client_esp_err_codes.c.obj
[ 37%] Building C object esp-idf/esp_coex/CMakeFiles/__idf_esp_coex.dir/src/lib_printf.c.obj
[ 37%] Building C object esp-idf/fatfs/CMakeFiles/__idf_fatfs.dir/diskio/diskio_wl.c.obj
[ 37%] Building C object esp-idf/esp_coex/CMakeFiles/__idf_esp_coex.dir/esp32s3/esp_coex_adapter.c.obj
[ 37%] Linking C static library libesp_lcd.a
[ 37%] Linking C static library libesp_http_client.a
[ 37%] Built target __idf_esp_lcd
[ 37%] Building C object esp-idf/fatfs/CMakeFiles/__idf_fatfs.dir/diskio/diskio_bdl.c.obj
[ 37%] Building C object esp-idf/esp_coex/CMakeFiles/__idf_esp_coex.dir/src/coexist_debug_diagram.c.obj
[ 37%] Built target __idf_esp_http_client
[ 37%] Building C object esp-idf/fatfs/CMakeFiles/__idf_fatfs.dir/src/ff.c.obj
[ 37%] Building C object esp-idf/fatfs/CMakeFiles/__idf_fatfs.dir/src/ffunicode.c.obj
[ 37%] Building C object esp-idf/esp_coex/CMakeFiles/__idf_esp_coex.dir/src/coexist_debug.c.obj
[ 37%] Building C object esp-idf/fatfs/CMakeFiles/__idf_fatfs.dir/port/freertos/ffsystem.c.obj
[ 37%] Linking C static library libesp_coex.a
[ 37%] Building C object esp-idf/fatfs/CMakeFiles/__idf_fatfs.dir/diskio/diskio_sdmmc.c.obj
[ 37%] Built target __idf_esp_coex
[ 37%] Extracting error codes for esp_https_ota
[ 37%] Building C object esp-idf/fatfs/CMakeFiles/__idf_fatfs.dir/vfs/vfs_fat.c.obj
[ 37%] Generating error code table for esp_https_ota
[ 37%] Building C object esp-idf/fatfs/CMakeFiles/__idf_fatfs.dir/vfs/vfs_fat_sdmmc.c.obj
[ 37%] Building C object esp-idf/esp_https_ota/CMakeFiles/__idf_esp_https_ota.dir/src/esp_https_ota.c.obj
[ 38%] Building C object esp-idf/esp_https_ota/CMakeFiles/__idf_esp_https_ota.dir/__/__/esp_err_codes/esp_https_ota_esp_err_codes.c.obj
[ 38%] Building C object esp-idf/fatfs/CMakeFiles/__idf_fatfs.dir/vfs/vfs_fat_spiflash.c.obj
[ 38%] Building C object esp-idf/fatfs/CMakeFiles/__idf_fatfs.dir/vfs/vfs_fat_bdl.c.obj
[ 38%] Linking C static library libesp_https_ota.a
[ 38%] Built target __idf_esp_https_ota
[ 38%] Extracting error codes for wpa_supplicant
[ 38%] Generating error code table for wpa_supplicant
[ 38%] Linking C static library libfatfs.a
[ 38%] Built target __idf_fatfs
[ 38%] Building C object esp-idf/espressif__esp_tinyusb/CMakeFiles/__idf_espressif__esp_tinyusb.dir/tinyusb.c.obj
[ 38%] Building C object esp-idf/wpa_supplicant/CMakeFiles/__idf_wpa_supplicant.dir/port/os_xtensa.c.obj
[ 38%] Building C object esp-idf/espressif__esp_tinyusb/CMakeFiles/__idf_espressif__esp_tinyusb.dir/descriptors_control.c.obj
[ 38%] Building C object esp-idf/espressif__esp_tinyusb/CMakeFiles/__idf_espressif__esp_tinyusb.dir/usb_descriptors.c.obj
[ 38%] Building C object esp-idf/wpa_supplicant/CMakeFiles/__idf_wpa_supplicant.dir/port/eloop.c.obj
[ 38%] Building C object esp-idf/espressif__esp_tinyusb/CMakeFiles/__idf_espressif__esp_tinyusb.dir/tusb_tasks.c.obj
[ 38%] Building C object esp-idf/wpa_supplicant/CMakeFiles/__idf_wpa_supplicant.dir/src/ap/ap_config.c.obj
[ 38%] Building C object esp-idf/wpa_supplicant/CMakeFiles/__idf_wpa_supplicant.dir/src/ap/ieee802_1x.c.obj
[ 38%] Building C object esp-idf/espressif__esp_tinyusb/CMakeFiles/__idf_espressif__esp_tinyusb.dir/cdc.c.obj
[ 38%] Building C object esp-idf/espressif__esp_tinyusb/CMakeFiles/__idf_espressif__esp_tinyusb.dir/tusb_cdc_acm.c.obj
[ 38%] Building C object esp-idf/wpa_supplicant/CMakeFiles/__idf_wpa_supplicant.dir/src/ap/wpa_auth.c.obj
[ 38%] Building C object esp-idf/espressif__esp_tinyusb/CMakeFiles/__idf_espressif__esp_tinyusb.dir/tusb_console.c.obj
[ 39%] Building C object esp-idf/espressif__esp_tinyusb/CMakeFiles/__idf_espressif__esp_tinyusb.dir/vfs_tinyusb.c.obj
[ 39%] Building C object esp-idf/wpa_supplicant/CMakeFiles/__idf_wpa_supplicant.dir/src/ap/wpa_auth_ie.c.obj
[ 39%] Building C object esp-idf/espressif__esp_tinyusb/CMakeFiles/__idf_espressif__esp_tinyusb.dir/tusb_msc_storage.c.obj
/workspaces/Flipper-Zero-ESP32-Port/managed_components/espressif__esp_tinyusb/tusb_msc_storage.c: In function 'tinyusb_msc_storage_mount':
/workspaces/Flipper-Zero-ESP32-Port/managed_components/espressif__esp_tinyusb/tusb_msc_storage.c:361:10: error: 'esp_vfs_fat_conf_t' has no member named 'drv'
  361 |         .drv = drv[0] - '0',  // Convert char to drive number
      |          ^~~
/workspaces/Flipper-Zero-ESP32-Port/managed_components/espressif__esp_tinyusb/tusb_msc_storage.c:361:16: error: initialization of 'const char *' from 'int' makes pointer from integer without a cast [-Wint-conversion]
  361 |         .drv = drv[0] - '0',  // Convert char to drive number
      |                ^~~
/workspaces/Flipper-Zero-ESP32-Port/managed_components/espressif__esp_tinyusb/tusb_msc_storage.c:361:16: note: (near initialization for 'conf.fat_drive')
[ 39%] Building C object esp-idf/wpa_supplicant/CMakeFiles/__idf_wpa_supplicant.dir/src/ap/pmksa_cache_auth.c.obj
make[2]: *** [esp-idf/espressif__esp_tinyusb/CMakeFiles/__idf_espressif__esp_tinyusb.dir/build.make:188: esp-idf/espressif__esp_tinyusb/CMakeFiles/__idf_espressif__esp_tinyusb.dir/tusb_msc_storage.c.obj] Error 1
make[1]: *** [CMakeFiles/Makefile2:8948: esp-idf/espressif__esp_tinyusb/CMakeFiles/__idf_espressif__esp_tinyusb.dir/all] Error 2
make[1]: *** Waiting for unfinished jobs....
[ 40%] Building C object esp-idf/wpa_supplicant/CMakeFiles/__idf_wpa_supplicant.dir/src/ap/sta_info.c.obj
[ 40%] Building C object esp-idf/wpa_supplicant/CMakeFiles/__idf_wpa_supplicant.dir/src/ap/ieee802_11.c.obj
[ 40%] Building C object esp-idf/wpa_supplicant/CMakeFiles/__idf_wpa_supplicant.dir/src/ap/comeback_token.c.obj
[ 40%] Building C object esp-idf/wpa_supplicant/CMakeFiles/__idf_wpa_supplicant.dir/src/common/sae.c.obj
[ 40%] Building C object esp-idf/wpa_supplicant/CMakeFiles/__idf_wpa_supplicant.dir/src/common/dragonfly.c.obj
[ 40%] Building C object esp-idf/wpa_supplicant/CMakeFiles/__idf_wpa_supplicant.dir/src/common/wpa_common.c.obj
[ 40%] Building C object esp-idf/wpa_supplicant/CMakeFiles/__idf_wpa_supplicant.dir/src/utils/bitfield.c.obj
[ 40%] Building C object esp-idf/wpa_supplicant/CMakeFiles/__idf_wpa_supplicant.dir/src/crypto/aes-siv.c.obj
[ 40%] Building C object esp-idf/wpa_supplicant/CMakeFiles/__idf_wpa_supplicant.dir/src/crypto/sha256-kdf.c.obj
[ 40%] Building C object esp-idf/wpa_supplicant/CMakeFiles/__idf_wpa_supplicant.dir/src/crypto/ccmp.c.obj
[ 40%] Building C object esp-idf/wpa_supplicant/CMakeFiles/__idf_wpa_supplicant.dir/src/crypto/aes-gcm.c.obj
[ 40%] Building C object esp-idf/wpa_supplicant/CMakeFiles/__idf_wpa_supplicant.dir/src/crypto/crypto_ops.c.obj
[ 40%] Building C object esp-idf/wpa_supplicant/CMakeFiles/__idf_wpa_supplicant.dir/src/crypto/dh_group5.c.obj
[ 40%] Building C object esp-idf/wpa_supplicant/CMakeFiles/__idf_wpa_supplicant.dir/src/crypto/dh_groups.c.obj
[ 40%] Building C object esp-idf/wpa_supplicant/CMakeFiles/__idf_wpa_supplicant.dir/src/crypto/ms_funcs.c.obj
[ 40%] Building C object esp-idf/wpa_supplicant/CMakeFiles/__idf_wpa_supplicant.dir/src/crypto/sha1-tlsprf.c.obj
[ 40%] Building C object esp-idf/wpa_supplicant/CMakeFiles/__idf_wpa_supplicant.dir/src/crypto/sha256-tlsprf.c.obj
[ 40%] Building C object esp-idf/wpa_supplicant/CMakeFiles/__idf_wpa_supplicant.dir/src/crypto/sha384-tlsprf.c.obj
[ 40%] Building C object esp-idf/wpa_supplicant/CMakeFiles/__idf_wpa_supplicant.dir/src/crypto/sha256-prf.c.obj
[ 40%] Building C object esp-idf/wpa_supplicant/CMakeFiles/__idf_wpa_supplicant.dir/src/crypto/sha1-prf.c.obj
[ 40%] Building C object esp-idf/wpa_supplicant/CMakeFiles/__idf_wpa_supplicant.dir/src/crypto/sha384-prf.c.obj
[ 40%] Building C object esp-idf/wpa_supplicant/CMakeFiles/__idf_wpa_supplicant.dir/src/crypto/md4-internal.c.obj
[ 40%] Building C object esp-idf/wpa_supplicant/CMakeFiles/__idf_wpa_supplicant.dir/src/eap_common/eap_wsc_common.c.obj
[ 40%] Building C object esp-idf/wpa_supplicant/CMakeFiles/__idf_wpa_supplicant.dir/src/crypto/sha1-tprf.c.obj
[ 40%] Building C object esp-idf/wpa_supplicant/CMakeFiles/__idf_wpa_supplicant.dir/src/common/ieee802_11_common.c.obj
[ 40%] Building C object esp-idf/wpa_supplicant/CMakeFiles/__idf_wpa_supplicant.dir/src/eap_peer/chap.c.obj
[ 41%] Building C object esp-idf/wpa_supplicant/CMakeFiles/__idf_wpa_supplicant.dir/src/eap_peer/eap.c.obj
[ 41%] Building C object esp-idf/wpa_supplicant/CMakeFiles/__idf_wpa_supplicant.dir/src/eap_peer/eap_common.c.obj
[ 41%] Building C object esp-idf/wpa_supplicant/CMakeFiles/__idf_wpa_supplicant.dir/src/eap_peer/eap_mschapv2.c.obj
[ 41%] Building C object esp-idf/wpa_supplicant/CMakeFiles/__idf_wpa_supplicant.dir/src/eap_peer/eap_peap.c.obj
[ 41%] Building C object esp-idf/wpa_supplicant/CMakeFiles/__idf_wpa_supplicant.dir/src/eap_peer/eap_peap_common.c.obj
[ 41%] Building C object esp-idf/wpa_supplicant/CMakeFiles/__idf_wpa_supplicant.dir/src/eap_peer/eap_tls.c.obj
[ 41%] Building C object esp-idf/wpa_supplicant/CMakeFiles/__idf_wpa_supplicant.dir/src/eap_peer/eap_tls_common.c.obj
[ 41%] Building C object esp-idf/wpa_supplicant/CMakeFiles/__idf_wpa_supplicant.dir/src/eap_peer/eap_ttls.c.obj
[ 41%] Building C object esp-idf/wpa_supplicant/CMakeFiles/__idf_wpa_supplicant.dir/src/eap_peer/mschapv2.c.obj
[ 41%] Building C object esp-idf/wpa_supplicant/CMakeFiles/__idf_wpa_supplicant.dir/src/eap_peer/eap_fast.c.obj
[ 41%] Building C object esp-idf/wpa_supplicant/CMakeFiles/__idf_wpa_supplicant.dir/src/eap_peer/eap_fast_common.c.obj
[ 41%] Building C object esp-idf/wpa_supplicant/CMakeFiles/__idf_wpa_supplicant.dir/src/eap_peer/eap_fast_pac.c.obj
[ 41%] Building C object esp-idf/wpa_supplicant/CMakeFiles/__idf_wpa_supplicant.dir/src/rsn_supp/pmksa_cache.c.obj
[ 41%] Building C object esp-idf/wpa_supplicant/CMakeFiles/__idf_wpa_supplicant.dir/src/rsn_supp/wpa.c.obj
[ 41%] Building C object esp-idf/wpa_supplicant/CMakeFiles/__idf_wpa_supplicant.dir/src/rsn_supp/wpa_ie.c.obj
[ 41%] Building C object esp-idf/wpa_supplicant/CMakeFiles/__idf_wpa_supplicant.dir/src/utils/base64.c.obj
[ 41%] Building C object esp-idf/wpa_supplicant/CMakeFiles/__idf_wpa_supplicant.dir/src/utils/common.c.obj
[ 41%] Building C object esp-idf/wpa_supplicant/CMakeFiles/__idf_wpa_supplicant.dir/src/utils/ext_password.c.obj
[ 41%] Building C object esp-idf/wpa_supplicant/CMakeFiles/__idf_wpa_supplicant.dir/src/utils/uuid.c.obj
[ 41%] Building C object esp-idf/wpa_supplicant/CMakeFiles/__idf_wpa_supplicant.dir/src/utils/wpabuf.c.obj
[ 41%] Building C object esp-idf/wpa_supplicant/CMakeFiles/__idf_wpa_supplicant.dir/src/utils/wpa_debug.c.obj
[ 41%] Building C object esp-idf/wpa_supplicant/CMakeFiles/__idf_wpa_supplicant.dir/src/utils/json.c.obj
[ 41%] Building C object esp-idf/wpa_supplicant/CMakeFiles/__idf_wpa_supplicant.dir/src/wps/wps.c.obj
[ 41%] Building C object esp-idf/wpa_supplicant/CMakeFiles/__idf_wpa_supplicant.dir/src/wps/wps_attr_build.c.obj
[ 41%] Building C object esp-idf/wpa_supplicant/CMakeFiles/__idf_wpa_supplicant.dir/src/wps/wps_attr_parse.c.obj
[ 41%] Building C object esp-idf/wpa_supplicant/CMakeFiles/__idf_wpa_supplicant.dir/src/wps/wps_attr_process.c.obj
[ 42%] Building C object esp-idf/wpa_supplicant/CMakeFiles/__idf_wpa_supplicant.dir/src/wps/wps_common.c.obj
[ 42%] Building C object esp-idf/wpa_supplicant/CMakeFiles/__idf_wpa_supplicant.dir/src/wps/wps_dev_attr.c.obj
[ 42%] Building C object esp-idf/wpa_supplicant/CMakeFiles/__idf_wpa_supplicant.dir/src/wps/wps_enrollee.c.obj
[ 42%] Building C object esp-idf/wpa_supplicant/CMakeFiles/__idf_wpa_supplicant.dir/src/common/sae_pk.c.obj
[ 42%] Building C object esp-idf/wpa_supplicant/CMakeFiles/__idf_wpa_supplicant.dir/esp_supplicant/src/esp_eap_client.c.obj
[ 42%] Building C object esp-idf/wpa_supplicant/CMakeFiles/__idf_wpa_supplicant.dir/esp_supplicant/src/esp_wpa2_api_port.c.obj
[ 42%] Building C object esp-idf/wpa_supplicant/CMakeFiles/__idf_wpa_supplicant.dir/esp_supplicant/src/esp_wpa_main.c.obj
[ 42%] Building C object esp-idf/wpa_supplicant/CMakeFiles/__idf_wpa_supplicant.dir/esp_supplicant/src/esp_common.c.obj
[ 42%] Building C object esp-idf/wpa_supplicant/CMakeFiles/__idf_wpa_supplicant.dir/esp_supplicant/src/esp_wpas_glue.c.obj
[ 42%] Building C object esp-idf/wpa_supplicant/CMakeFiles/__idf_wpa_supplicant.dir/esp_supplicant/src/esp_wps.c.obj
[ 42%] Building C object esp-idf/wpa_supplicant/CMakeFiles/__idf_wpa_supplicant.dir/esp_supplicant/src/esp_wpa3.c.obj
[ 42%] Building C object esp-idf/wpa_supplicant/CMakeFiles/__idf_wpa_supplicant.dir/esp_supplicant/src/esp_owe.c.obj
[ 42%] Building C object esp-idf/wpa_supplicant/CMakeFiles/__idf_wpa_supplicant.dir/esp_supplicant/src/esp_nan_supplicant.c.obj
[ 42%] Building C object esp-idf/wpa_supplicant/CMakeFiles/__idf_wpa_supplicant.dir/esp_supplicant/src/esp_hostap.c.obj
[ 42%] Building C object esp-idf/wpa_supplicant/CMakeFiles/__idf_wpa_supplicant.dir/esp_supplicant/src/crypto/tls_mbedtls.c.obj
[ 42%] Building C object esp-idf/wpa_supplicant/CMakeFiles/__idf_wpa_supplicant.dir/esp_supplicant/src/crypto/crypto_mbedtls.c.obj
[ 42%] Building C object esp-idf/wpa_supplicant/CMakeFiles/__idf_wpa_supplicant.dir/esp_supplicant/src/crypto/crypto_mbedtls-bignum.c.obj
[ 42%] Building C object esp-idf/wpa_supplicant/CMakeFiles/__idf_wpa_supplicant.dir/esp_supplicant/src/crypto/crypto_mbedtls-rsa.c.obj
[ 42%] Building C object esp-idf/wpa_supplicant/CMakeFiles/__idf_wpa_supplicant.dir/esp_supplicant/src/crypto/crypto_mbedtls-ec.c.obj
[ 42%] Building C object esp-idf/wpa_supplicant/CMakeFiles/__idf_wpa_supplicant.dir/esp_supplicant/src/crypto/fastpsk.c.obj
[ 42%] Building C object esp-idf/wpa_supplicant/CMakeFiles/__idf_wpa_supplicant.dir/src/crypto/rc4.c.obj
[ 42%] Building C object esp-idf/wpa_supplicant/CMakeFiles/__idf_wpa_supplicant.dir/src/crypto/des-internal.c.obj
[ 42%] Building C object esp-idf/wpa_supplicant/CMakeFiles/__idf_wpa_supplicant.dir/src/crypto/aes-wrap.c.obj
[ 42%] Building C object esp-idf/wpa_supplicant/CMakeFiles/__idf_wpa_supplicant.dir/src/crypto/aes-unwrap.c.obj
[ 42%] Building C object esp-idf/wpa_supplicant/CMakeFiles/__idf_wpa_supplicant.dir/src/crypto/aes-ccm.c.obj
[ 42%] Building C object esp-idf/wpa_supplicant/CMakeFiles/__idf_wpa_supplicant.dir/__/__/esp_err_codes/wpa_supplicant_esp_err_codes.c.obj
[ 43%] Linking C static library libwpa_supplicant.a
[ 43%] Built target __idf_wpa_supplicant
make: *** [Makefile:136: all] Error 2
make failed with exit code 2, output of the command is in the /workspaces/Flipper-Zero-ESP32-Port/build/log/idf_py_stderr_output_80310 and /workspaces/Flipper-Zero-ESP32-Port/build/log/idf_py_stdout_output_80310
Executing action: all (aliases: build)
Running cmake in directory /workspaces/Flipper-Zero-ESP32-Port/build
Executing "cmake -G 'Unix Makefiles' -B /workspaces/Flipper-Zero-ESP32-Port/build -DPYTHON_DEPS_CHECKED=1 -DPYTHON=/home/codespace/.espressif/python_env/idf6.2_py3.12_env/bin/python -DESP_PLATFORM=1 -DFLIPPER_BOARD=my_custom_board -DCCACHE_ENABLE=False -DCONFIGDEP_ENABLE=True /workspaces/Flipper-Zero-ESP32-Port"...
Running make in directory /workspaces/Flipper-Zero-ESP32-Port/build
Executing "make -j 4 all"...
